country,country_code,year,indicator,indicator_code,unit,value
Argentina,ARG,2000,Esperanza de vida,SP.DYN.LE00.IN,años,73.91
Argentina,ARG,2001,Esperanza de vida,SP.DYN.LE00.IN,años,74.154
Argentina,ARG,2002,Esperanza de vida,SP.DYN.LE00.IN,años,74.312
Argentina,ARG,2003,Esperanza de vida,SP.DYN.LE00.IN,años,74.307
Argentina,ARG,2004,Esperanza de vida,SP.DYN.LE00.IN,años,74.871
Argentina,ARG,2005,Esperanza de vida,SP.DYN.LE00.IN,años,75.231
Argentina,ARG,2006,Esperanza de vida,SP.DYN.LE00.IN,años,75.279
Argentina,ARG,2007,Esperanza de vida,SP.DYN.LE00.IN,años,74.783
Argentina,ARG,2008,Esperanza de vida,SP.DYN.LE00.IN,años,75.428
Argentina,ARG,2009,Esperanza de vida,SP.DYN.LE00.IN,años,75.577
Argentina,ARG,2010,Esperanza de vida,SP.DYN.LE00.IN,años,75.68
Argentina,ARG,2011,Esperanza de vida,SP.DYN.LE00.IN,años,76.1
Argentina,ARG,2012,Esperanza de vida,SP.DYN.LE00.IN,años,75.802
Argentina,ARG,2013,Esperanza de vida,SP.DYN.LE00.IN,años,75.829
Argentina,ARG,2014,Esperanza de vida,SP.DYN.LE00.IN,años,76.268
Argentina,ARG,2015,Esperanza de vida,SP.DYN.LE00.IN,años,76.6
Argentina,ARG,2016,Esperanza de vida,SP.DYN.LE00.IN,años,76.105
Argentina,ARG,2017,Esperanza de vida,SP.DYN.LE00.IN,años,76.543
Argentina,ARG,2018,Esperanza de vida,SP.DYN.LE00.IN,años,76.77
Argentina,ARG,2019,Esperanza de vida,SP.DYN.LE00.IN,años,76.847
Argentina,ARG,2020,Esperanza de vida,SP.DYN.LE00.IN,años,75.878
Argentina,ARG,2021,Esperanza de vida,SP.DYN.LE00.IN,años,73.948
Argentina,ARG,2022,Esperanza de vida,SP.DYN.LE00.IN,años,75.806
Argentina,ARG,2023,Esperanza de vida,SP.DYN.LE00.IN,años,77.395
Argentina,ARG,2024,Esperanza de vida,SP.DYN.LE00.IN,años,77.543
Bolivia,BOL,2000,Esperanza de vida,SP.DYN.LE00.IN,años,62.057
Bolivia,BOL,2001,Esperanza de vida,SP.DYN.LE00.IN,años,62.538
Bolivia,BOL,2002,Esperanza de vida,SP.DYN.LE00.IN,años,63.068
Bolivia,BOL,2003,Esperanza de vida,SP.DYN.LE00.IN,años,63.455
Bolivia,BOL,2004,Esperanza de vida,SP.DYN.LE00.IN,años,63.819
Bolivia,BOL,2005,Esperanza de vida,SP.DYN.LE00.IN,años,64.182
Bolivia,BOL,2006,Esperanza de vida,SP.DYN.LE00.IN,años,64.529
Bolivia,BOL,2007,Esperanza de vida,SP.DYN.LE00.IN,años,64.939
Bolivia,BOL,2008,Esperanza de vida,SP.DYN.LE00.IN,años,65.299
Bolivia,BOL,2009,Esperanza de vida,SP.DYN.LE00.IN,años,65.656
Bolivia,BOL,2010,Esperanza de vida,SP.DYN.LE00.IN,años,66.003
Bolivia,BOL,2011,Esperanza de vida,SP.DYN.LE00.IN,años,66.282
Bolivia,BOL,2012,Esperanza de vida,SP.DYN.LE00.IN,años,66.586
Bolivia,BOL,2013,Esperanza de vida,SP.DYN.LE00.IN,años,66.777
Bolivia,BOL,2014,Esperanza de vida,SP.DYN.LE00.IN,años,66.97
Bolivia,BOL,2015,Esperanza de vida,SP.DYN.LE00.IN,años,67.205
Bolivia,BOL,2016,Esperanza de vida,SP.DYN.LE00.IN,años,67.392
Bolivia,BOL,2017,Esperanza de vida,SP.DYN.LE00.IN,años,67.536
Bolivia,BOL,2018,Esperanza de vida,SP.DYN.LE00.IN,años,67.699
Bolivia,BOL,2019,Esperanza de vida,SP.DYN.LE00.IN,años,67.82
Bolivia,BOL,2020,Esperanza de vida,SP.DYN.LE00.IN,años,62.906
Bolivia,BOL,2021,Esperanza de vida,SP.DYN.LE00.IN,años,61.427
Bolivia,BOL,2022,Esperanza de vida,SP.DYN.LE00.IN,años,67.434
Bolivia,BOL,2023,Esperanza de vida,SP.DYN.LE00.IN,años,68.581
Bolivia,BOL,2024,Esperanza de vida,SP.DYN.LE00.IN,años,68.739
Brasil,BRA,2000,Esperanza de vida,SP.DYN.LE00.IN,años,69.584
Brasil,BRA,2001,Esperanza de vida,SP.DYN.LE00.IN,años,69.98
Brasil,BRA,2002,Esperanza de vida,SP.DYN.LE00.IN,años,70.396
Brasil,BRA,2003,Esperanza de vida,SP.DYN.LE00.IN,años,70.884
Brasil,BRA,2004,Esperanza de vida,SP.DYN.LE00.IN,años,71.361
Brasil,BRA,2005,Esperanza de vida,SP.DYN.LE00.IN,años,71.832
Brasil,BRA,2006,Esperanza de vida,SP.DYN.LE00.IN,años,72.296
Brasil,BRA,2007,Esperanza de vida,SP.DYN.LE00.IN,años,72.73
Brasil,BRA,2008,Esperanza de vida,SP.DYN.LE00.IN,años,73.111
Brasil,BRA,2009,Esperanza de vida,SP.DYN.LE00.IN,años,73.457
Brasil,BRA,2010,Esperanza de vida,SP.DYN.LE00.IN,años,73.779
Brasil,BRA,2011,Esperanza de vida,SP.DYN.LE00.IN,años,74.047
Brasil,BRA,2012,Esperanza de vida,SP.DYN.LE00.IN,años,74.335
Brasil,BRA,2013,Esperanza de vida,SP.DYN.LE00.IN,años,74.609
Brasil,BRA,2014,Esperanza de vida,SP.DYN.LE00.IN,años,74.823
Brasil,BRA,2015,Esperanza de vida,SP.DYN.LE00.IN,años,75.106
Brasil,BRA,2016,Esperanza de vida,SP.DYN.LE00.IN,años,75.081
Brasil,BRA,2017,Esperanza de vida,SP.DYN.LE00.IN,años,75.383
Brasil,BRA,2018,Esperanza de vida,SP.DYN.LE00.IN,años,75.633
Brasil,BRA,2019,Esperanza de vida,SP.DYN.LE00.IN,años,75.809
Brasil,BRA,2020,Esperanza de vida,SP.DYN.LE00.IN,años,74.506
Brasil,BRA,2021,Esperanza de vida,SP.DYN.LE00.IN,años,73.038
Brasil,BRA,2022,Esperanza de vida,SP.DYN.LE00.IN,años,74.872
Brasil,BRA,2023,Esperanza de vida,SP.DYN.LE00.IN,años,75.848
Brasil,BRA,2024,Esperanza de vida,SP.DYN.LE00.IN,años,76.023
Chile,CHL,2000,Esperanza de vida,SP.DYN.LE00.IN,años,77.128
Chile,CHL,2001,Esperanza de vida,SP.DYN.LE00.IN,años,77.58
Chile,CHL,2002,Esperanza de vida,SP.DYN.LE00.IN,años,77.84
Chile,CHL,2003,Esperanza de vida,SP.DYN.LE00.IN,años,77.884
Chile,CHL,2004,Esperanza de vida,SP.DYN.LE00.IN,años,78.276
Chile,CHL,2005,Esperanza de vida,SP.DYN.LE00.IN,años,78.459
Chile,CHL,2006,Esperanza de vida,SP.DYN.LE00.IN,años,78.533
Chile,CHL,2007,Esperanza de vida,SP.DYN.LE00.IN,años,78.652
Chile,CHL,2008,Esperanza de vida,SP.DYN.LE00.IN,años,78.752
Chile,CHL,2009,Esperanza de vida,SP.DYN.LE00.IN,años,78.89
Chile,CHL,2010,Esperanza de vida,SP.DYN.LE00.IN,años,79.095
Chile,CHL,2011,Esperanza de vida,SP.DYN.LE00.IN,años,79.236
Chile,CHL,2012,Esperanza de vida,SP.DYN.LE00.IN,años,79.221
Chile,CHL,2013,Esperanza de vida,SP.DYN.LE00.IN,años,79.551
Chile,CHL,2014,Esperanza de vida,SP.DYN.LE00.IN,años,79.714
Chile,CHL,2015,Esperanza de vida,SP.DYN.LE00.IN,años,80.008
Chile,CHL,2016,Esperanza de vida,SP.DYN.LE00.IN,años,80.295
Chile,CHL,2017,Esperanza de vida,SP.DYN.LE00.IN,años,80.61
Chile,CHL,2018,Esperanza de vida,SP.DYN.LE00.IN,años,80.559
Chile,CHL,2019,Esperanza de vida,SP.DYN.LE00.IN,años,80.324
Chile,CHL,2020,Esperanza de vida,SP.DYN.LE00.IN,años,79.349
Chile,CHL,2021,Esperanza de vida,SP.DYN.LE00.IN,años,78.876
Chile,CHL,2022,Esperanza de vida,SP.DYN.LE00.IN,años,79.176
Chile,CHL,2023,Esperanza de vida,SP.DYN.LE00.IN,años,81.167
Chile,CHL,2024,Esperanza de vida,SP.DYN.LE00.IN,años,81.359
Colombia,COL,2000,Esperanza de vida,SP.DYN.LE00.IN,años,70.905
Colombia,COL,2001,Esperanza de vida,SP.DYN.LE00.IN,años,71.185
Colombia,COL,2002,Esperanza de vida,SP.DYN.LE00.IN,años,71.537
Colombia,COL,2003,Esperanza de vida,SP.DYN.LE00.IN,años,72.309
Colombia,COL,2004,Esperanza de vida,SP.DYN.LE00.IN,años,72.76
Colombia,COL,2005,Esperanza de vida,SP.DYN.LE00.IN,años,73.156
Colombia,COL,2006,Esperanza de vida,SP.DYN.LE00.IN,años,73.497
Colombia,COL,2007,Esperanza de vida,SP.DYN.LE00.IN,años,73.751
Colombia,COL,2008,Esperanza de vida,SP.DYN.LE00.IN,años,74.206
Colombia,COL,2009,Esperanza de vida,SP.DYN.LE00.IN,años,74.531
Colombia,COL,2010,Esperanza de vida,SP.DYN.LE00.IN,años,74.876
Colombia,COL,2011,Esperanza de vida,SP.DYN.LE00.IN,años,75.18
Colombia,COL,2012,Esperanza de vida,SP.DYN.LE00.IN,años,75.611
Colombia,COL,2013,Esperanza de vida,SP.DYN.LE00.IN,años,75.834
Colombia,COL,2014,Esperanza de vida,SP.DYN.LE00.IN,años,75.95
Colombia,COL,2015,Esperanza de vida,SP.DYN.LE00.IN,años,76.067
Colombia,COL,2016,Esperanza de vida,SP.DYN.LE00.IN,años,76.228
Colombia,COL,2017,Esperanza de vida,SP.DYN.LE00.IN,años,76.418
Colombia,COL,2018,Esperanza de vida,SP.DYN.LE00.IN,años,76.579
Colombia,COL,2019,Esperanza de vida,SP.DYN.LE00.IN,años,76.793
Colombia,COL,2020,Esperanza de vida,SP.DYN.LE00.IN,años,74.757
Colombia,COL,2021,Esperanza de vida,SP.DYN.LE00.IN,años,72.698
Colombia,COL,2022,Esperanza de vida,SP.DYN.LE00.IN,años,76.508
Colombia,COL,2023,Esperanza de vida,SP.DYN.LE00.IN,años,77.725
Colombia,COL,2024,Esperanza de vida,SP.DYN.LE00.IN,años,77.913
Ecuador,ECU,2000,Esperanza de vida,SP.DYN.LE00.IN,años,72.09
Ecuador,ECU,2001,Esperanza de vida,SP.DYN.LE00.IN,años,72.571
Ecuador,ECU,2002,Esperanza de vida,SP.DYN.LE00.IN,años,73.164
Ecuador,ECU,2003,Esperanza de vida,SP.DYN.LE00.IN,años,73.632
Ecuador,ECU,2004,Esperanza de vida,SP.DYN.LE00.IN,años,73.868
Ecuador,ECU,2005,Esperanza de vida,SP.DYN.LE00.IN,años,73.909
Ecuador,ECU,2006,Esperanza de vida,SP.DYN.LE00.IN,años,74.01
Ecuador,ECU,2007,Esperanza de vida,SP.DYN.LE00.IN,años,74.226
Ecuador,ECU,2008,Esperanza de vida,SP.DYN.LE00.IN,años,74.709
Ecuador,ECU,2009,Esperanza de vida,SP.DYN.LE00.IN,años,74.901
Ecuador,ECU,2010,Esperanza de vida,SP.DYN.LE00.IN,años,75.188
Ecuador,ECU,2011,Esperanza de vida,SP.DYN.LE00.IN,años,75.179
Ecuador,ECU,2012,Esperanza de vida,SP.DYN.LE00.IN,años,75.486
Ecuador,ECU,2013,Esperanza de vida,SP.DYN.LE00.IN,años,75.832
Ecuador,ECU,2014,Esperanza de vida,SP.DYN.LE00.IN,años,76.141
Ecuador,ECU,2015,Esperanza de vida,SP.DYN.LE00.IN,años,76.222
Ecuador,ECU,2016,Esperanza de vida,SP.DYN.LE00.IN,años,76.094
Ecuador,ECU,2017,Esperanza de vida,SP.DYN.LE00.IN,años,76.22
Ecuador,ECU,2018,Esperanza de vida,SP.DYN.LE00.IN,años,77.248
Ecuador,ECU,2019,Esperanza de vida,SP.DYN.LE00.IN,años,77.286
Ecuador,ECU,2020,Esperanza de vida,SP.DYN.LE00.IN,años,72.004
Ecuador,ECU,2021,Esperanza de vida,SP.DYN.LE00.IN,años,72.746
Ecuador,ECU,2022,Esperanza de vida,SP.DYN.LE00.IN,años,76.577
Ecuador,ECU,2023,Esperanza de vida,SP.DYN.LE00.IN,años,77.392
Ecuador,ECU,2024,Esperanza de vida,SP.DYN.LE00.IN,años,77.579
Guyana,GUY,2000,Esperanza de vida,SP.DYN.LE00.IN,años,64.075
Guyana,GUY,2001,Esperanza de vida,SP.DYN.LE00.IN,años,64.38
Guyana,GUY,2002,Esperanza de vida,SP.DYN.LE00.IN,años,64.183
Guyana,GUY,2003,Esperanza de vida,SP.DYN.LE00.IN,años,64.117
Guyana,GUY,2004,Esperanza de vida,SP.DYN.LE00.IN,años,64.214
Guyana,GUY,2005,Esperanza de vida,SP.DYN.LE00.IN,años,64.392
Guyana,GUY,2006,Esperanza de vida,SP.DYN.LE00.IN,años,64.848
Guyana,GUY,2007,Esperanza de vida,SP.DYN.LE00.IN,años,65.462
Guyana,GUY,2008,Esperanza de vida,SP.DYN.LE00.IN,años,65.721
Guyana,GUY,2009,Esperanza de vida,SP.DYN.LE00.IN,años,66.03
Guyana,GUY,2010,Esperanza de vida,SP.DYN.LE00.IN,años,66.204
Guyana,GUY,2011,Esperanza de vida,SP.DYN.LE00.IN,años,66.469
Guyana,GUY,2012,Esperanza de vida,SP.DYN.LE00.IN,años,66.443
Guyana,GUY,2013,Esperanza de vida,SP.DYN.LE00.IN,años,66.71
Guyana,GUY,2014,Esperanza de vida,SP.DYN.LE00.IN,años,67.334
Guyana,GUY,2015,Esperanza de vida,SP.DYN.LE00.IN,años,67.719
Guyana,GUY,2016,Esperanza de vida,SP.DYN.LE00.IN,años,68.069
Guyana,GUY,2017,Esperanza de vida,SP.DYN.LE00.IN,años,68.543
Guyana,GUY,2018,Esperanza de vida,SP.DYN.LE00.IN,años,68.829
Guyana,GUY,2019,Esperanza de vida,SP.DYN.LE00.IN,años,69.067
Guyana,GUY,2020,Esperanza de vida,SP.DYN.LE00.IN,años,67.751
Guyana,GUY,2021,Esperanza de vida,SP.DYN.LE00.IN,años,64.323
Guyana,GUY,2022,Esperanza de vida,SP.DYN.LE00.IN,años,69.888
Guyana,GUY,2023,Esperanza de vida,SP.DYN.LE00.IN,años,70.18
Guyana,GUY,2024,Esperanza de vida,SP.DYN.LE00.IN,años,70.319
Paraguay,PRY,2000,Esperanza de vida,SP.DYN.LE00.IN,años,70.026
Paraguay,PRY,2001,Esperanza de vida,SP.DYN.LE00.IN,años,70.281
Paraguay,PRY,2002,Esperanza de vida,SP.DYN.LE00.IN,años,70.539
Paraguay,PRY,2003,Esperanza de vida,SP.DYN.LE00.IN,años,70.795
Paraguay,PRY,2004,Esperanza de vida,SP.DYN.LE00.IN,años,71.054
Paraguay,PRY,2005,Esperanza de vida,SP.DYN.LE00.IN,años,71.317
Paraguay,PRY,2006,Esperanza de vida,SP.DYN.LE00.IN,años,71.584
Paraguay,PRY,2007,Esperanza de vida,SP.DYN.LE00.IN,años,71.817
Paraguay,PRY,2008,Esperanza de vida,SP.DYN.LE00.IN,años,72.047
Paraguay,PRY,2009,Esperanza de vida,SP.DYN.LE00.IN,años,72.282
Paraguay,PRY,2010,Esperanza de vida,SP.DYN.LE00.IN,años,72.551
Paraguay,PRY,2011,Esperanza de vida,SP.DYN.LE00.IN,años,72.787
Paraguay,PRY,2012,Esperanza de vida,SP.DYN.LE00.IN,años,73.105
Paraguay,PRY,2013,Esperanza de vida,SP.DYN.LE00.IN,años,73.292
Paraguay,PRY,2014,Esperanza de vida,SP.DYN.LE00.IN,años,73.415
Paraguay,PRY,2015,Esperanza de vida,SP.DYN.LE00.IN,años,73.454
Paraguay,PRY,2016,Esperanza de vida,SP.DYN.LE00.IN,años,73.487
Paraguay,PRY,2017,Esperanza de vida,SP.DYN.LE00.IN,años,73.45
Paraguay,PRY,2018,Esperanza de vida,SP.DYN.LE00.IN,años,73.627
Paraguay,PRY,2019,Esperanza de vida,SP.DYN.LE00.IN,años,73.668
Paraguay,PRY,2020,Esperanza de vida,SP.DYN.LE00.IN,años,72.72
Paraguay,PRY,2021,Esperanza de vida,SP.DYN.LE00.IN,años,68.108
Paraguay,PRY,2022,Esperanza de vida,SP.DYN.LE00.IN,años,72.319
Paraguay,PRY,2023,Esperanza de vida,SP.DYN.LE00.IN,años,73.844
Paraguay,PRY,2024,Esperanza de vida,SP.DYN.LE00.IN,años,73.982
Perú,PER,2000,Esperanza de vida,SP.DYN.LE00.IN,años,69.821
Perú,PER,2001,Esperanza de vida,SP.DYN.LE00.IN,años,70.315
Perú,PER,2002,Esperanza de vida,SP.DYN.LE00.IN,años,70.815
Perú,PER,2003,Esperanza de vida,SP.DYN.LE00.IN,años,71.278
Perú,PER,2004,Esperanza de vida,SP.DYN.LE00.IN,años,71.447
Perú,PER,2005,Esperanza de vida,SP.DYN.LE00.IN,años,71.988
Perú,PER,2006,Esperanza de vida,SP.DYN.LE00.IN,años,72.337
Perú,PER,2007,Esperanza de vida,SP.DYN.LE00.IN,años,72.746
Perú,PER,2008,Esperanza de vida,SP.DYN.LE00.IN,años,72.743
Perú,PER,2009,Esperanza de vida,SP.DYN.LE00.IN,años,72.631
Perú,PER,2010,Esperanza de vida,SP.DYN.LE00.IN,años,72.886
Perú,PER,2011,Esperanza de vida,SP.DYN.LE00.IN,años,73.327
Perú,PER,2012,Esperanza de vida,SP.DYN.LE00.IN,años,73.979
Perú,PER,2013,Esperanza de vida,SP.DYN.LE00.IN,años,74.591
Perú,PER,2014,Esperanza de vida,SP.DYN.LE00.IN,años,75.26
Perú,PER,2015,Esperanza de vida,SP.DYN.LE00.IN,años,75.732
Perú,PER,2016,Esperanza de vida,SP.DYN.LE00.IN,años,75.951
Perú,PER,2017,Esperanza de vida,SP.DYN.LE00.IN,años,75.958
Perú,PER,2018,Esperanza de vida,SP.DYN.LE00.IN,años,76.018
Perú,PER,2019,Esperanza de vida,SP.DYN.LE00.IN,años,76.275
Perú,PER,2020,Esperanza de vida,SP.DYN.LE00.IN,años,73.832
Perú,PER,2021,Esperanza de vida,SP.DYN.LE00.IN,años,71.596
Perú,PER,2022,Esperanza de vida,SP.DYN.LE00.IN,años,76.834
Perú,PER,2023,Esperanza de vida,SP.DYN.LE00.IN,años,77.74
Perú,PER,2024,Esperanza de vida,SP.DYN.LE00.IN,años,77.941
Surinam,SUR,2000,Esperanza de vida,SP.DYN.LE00.IN,años,64.409
Surinam,SUR,2001,Esperanza de vida,SP.DYN.LE00.IN,años,64.82
Surinam,SUR,2002,Esperanza de vida,SP.DYN.LE00.IN,años,65.274
Surinam,SUR,2003,Esperanza de vida,SP.DYN.LE00.IN,años,65.778
Surinam,SUR,2004,Esperanza de vida,SP.DYN.LE00.IN,años,66.362
Surinam,SUR,2005,Esperanza de vida,SP.DYN.LE00.IN,años,66.997
Surinam,SUR,2006,Esperanza de vida,SP.DYN.LE00.IN,años,67.643
Surinam,SUR,2007,Esperanza de vida,SP.DYN.LE00.IN,años,68.307
Surinam,SUR,2008,Esperanza de vida,SP.DYN.LE00.IN,años,68.873
Surinam,SUR,2009,Esperanza de vida,SP.DYN.LE00.IN,años,69.323
Surinam,SUR,2010,Esperanza de vida,SP.DYN.LE00.IN,años,69.626
Surinam,SUR,2011,Esperanza de vida,SP.DYN.LE00.IN,años,69.82
Surinam,SUR,2012,Esperanza de vida,SP.DYN.LE00.IN,años,69.957
Surinam,SUR,2013,Esperanza de vida,SP.DYN.LE00.IN,años,70.11
Surinam,SUR,2014,Esperanza de vida,SP.DYN.LE00.IN,años,70.33
Surinam,SUR,2015,Esperanza de vida,SP.DYN.LE00.IN,años,70.567
Surinam,SUR,2016,Esperanza de vida,SP.DYN.LE00.IN,años,70.979
Surinam,SUR,2017,Esperanza de vida,SP.DYN.LE00.IN,años,71.247
Surinam,SUR,2018,Esperanza de vida,SP.DYN.LE00.IN,años,71.468
Surinam,SUR,2019,Esperanza de vida,SP.DYN.LE00.IN,años,71.773
Surinam,SUR,2020,Esperanza de vida,SP.DYN.LE00.IN,años,72.321
Surinam,SUR,2021,Esperanza de vida,SP.DYN.LE00.IN,años,68.943
Surinam,SUR,2022,Esperanza de vida,SP.DYN.LE00.IN,años,73.254
Surinam,SUR,2023,Esperanza de vida,SP.DYN.LE00.IN,años,73.631
Surinam,SUR,2024,Esperanza de vida,SP.DYN.LE00.IN,años,73.757
Uruguay,URY,2000,Esperanza de vida,SP.DYN.LE00.IN,años,74.693
Uruguay,URY,2001,Esperanza de vida,SP.DYN.LE00.IN,años,74.987
Uruguay,URY,2002,Esperanza de vida,SP.DYN.LE00.IN,años,74.979
Uruguay,URY,2003,Esperanza de vida,SP.DYN.LE00.IN,años,75.086
Uruguay,URY,2004,Esperanza de vida,SP.DYN.LE00.IN,años,75.319
Uruguay,URY,2005,Esperanza de vida,SP.DYN.LE00.IN,años,75.829
Uruguay,URY,2006,Esperanza de vida,SP.DYN.LE00.IN,años,75.888
Uruguay,URY,2007,Esperanza de vida,SP.DYN.LE00.IN,años,76.15
Uruguay,URY,2008,Esperanza de vida,SP.DYN.LE00.IN,años,76.275
Uruguay,URY,2009,Esperanza de vida,SP.DYN.LE00.IN,años,76.67
Uruguay,URY,2010,Esperanza de vida,SP.DYN.LE00.IN,años,76.691
Uruguay,URY,2011,Esperanza de vida,SP.DYN.LE00.IN,años,76.614
Uruguay,URY,2012,Esperanza de vida,SP.DYN.LE00.IN,años,76.691
Uruguay,URY,2013,Esperanza de vida,SP.DYN.LE00.IN,años,76.953
Uruguay,URY,2014,Esperanza de vida,SP.DYN.LE00.IN,años,77.194
Uruguay,URY,2015,Esperanza de vida,SP.DYN.LE00.IN,años,77.285
Uruguay,URY,2016,Esperanza de vida,SP.DYN.LE00.IN,años,77.351
Uruguay,URY,2017,Esperanza de vida,SP.DYN.LE00.IN,años,77.618
Uruguay,URY,2018,Esperanza de vida,SP.DYN.LE00.IN,años,77.527
Uruguay,URY,2019,Esperanza de vida,SP.DYN.LE00.IN,años,77.503
Uruguay,URY,2020,Esperanza de vida,SP.DYN.LE00.IN,años,78.381
Uruguay,URY,2021,Esperanza de vida,SP.DYN.LE00.IN,años,75.434
Uruguay,URY,2022,Esperanza de vida,SP.DYN.LE00.IN,años,76.468
Uruguay,URY,2023,Esperanza de vida,SP.DYN.LE00.IN,años,78.138
Uruguay,URY,2024,Esperanza de vida,SP.DYN.LE00.IN,años,78.287
Venezuela,VEN,2000,Esperanza de vida,SP.DYN.LE00.IN,años,72.388
Venezuela,VEN,2001,Esperanza de vida,SP.DYN.LE00.IN,años,71.019
Venezuela,VEN,2002,Esperanza de vida,SP.DYN.LE00.IN,años,72.823
Venezuela,VEN,2003,Esperanza de vida,SP.DYN.LE00.IN,años,72.056
Venezuela,VEN,2004,Esperanza de vida,SP.DYN.LE00.IN,años,72.752
Venezuela,VEN,2005,Esperanza de vida,SP.DYN.LE00.IN,años,73.075
Venezuela,VEN,2006,Esperanza de vida,SP.DYN.LE00.IN,años,72.972
Venezuela,VEN,2007,Esperanza de vida,SP.DYN.LE00.IN,años,73.348
Venezuela,VEN,2008,Esperanza de vida,SP.DYN.LE00.IN,años,72.578
Venezuela,VEN,2009,Esperanza de vida,SP.DYN.LE00.IN,años,72.785
Venezuela,VEN,2010,Esperanza de vida,SP.DYN.LE00.IN,años,73.092
Venezuela,VEN,2011,Esperanza de vida,SP.DYN.LE00.IN,años,73.09
Venezuela,VEN,2012,Esperanza de vida,SP.DYN.LE00.IN,años,73.086
Venezuela,VEN,2013,Esperanza de vida,SP.DYN.LE00.IN,años,73.076
Venezuela,VEN,2014,Esperanza de vida,SP.DYN.LE00.IN,años,72.837
Venezuela,VEN,2015,Esperanza de vida,SP.DYN.LE00.IN,años,73.004
Venezuela,VEN,2016,Esperanza de vida,SP.DYN.LE00.IN,años,72.002
Venezuela,VEN,2017,Esperanza de vida,SP.DYN.LE00.IN,años,71.903
Venezuela,VEN,2018,Esperanza de vida,SP.DYN.LE00.IN,años,72.641
Venezuela,VEN,2019,Esperanza de vida,SP.DYN.LE00.IN,años,72.766
Venezuela,VEN,2020,Esperanza de vida,SP.DYN.LE00.IN,años,72.369
Venezuela,VEN,2021,Esperanza de vida,SP.DYN.LE00.IN,años,71.536
Venezuela,VEN,2022,Esperanza de vida,SP.DYN.LE00.IN,años,72.566
Venezuela,VEN,2023,Esperanza de vida,SP.DYN.LE00.IN,años,72.514
Venezuela,VEN,2024,Esperanza de vida,SP.DYN.LE00.IN,años,72.673
Argentina,ARG,2000,PIB per cápita,NY.GDP.PCAP.CD,US$ corrientes,7637.01489203628
Argentina,ARG,2001,PIB per cápita,NY.GDP.PCAP.CD,US$ corrientes,7141.47507662826
Argentina,ARG,2002,PIB per cápita,NY.GDP.PCAP.CD,US$ corrientes,2569.69963519124
Argentina,ARG,2003,PIB per cápita,NY.GDP.PCAP.CD,US$ corrientes,3320.47775133903
Argentina,ARG,2004,PIB per cápita,NY.GDP.PCAP.CD,US$ corrientes,4242.02099089422
Argentina,ARG,2005,PIB per cápita,NY.GDP.PCAP.CD,US$ corrientes,5067.65342293276
Argentina,ARG,2006,PIB per cápita,NY.GDP.PCAP.CD,US$ corrientes,5869.38028970204
Argentina,ARG,2007,PIB per cápita,NY.GDP.PCAP.CD,US$ corrientes,7185.25155147027
Argentina,ARG,2008,PIB per cápita,NY.GDP.PCAP.CD,US$ corrientes,8944.1102657357
Argentina,ARG,2009,PIB per cápita,NY.GDP.PCAP.CD,US$ corrientes,8150.23527028221
Argentina,ARG,2010,PIB per cápita,NY.GDP.PCAP.CD,US$ corrientes,10260.1313108254
Argentina,ARG,2011,PIB per cápita,NY.GDP.PCAP.CD,US$ corrientes,12704.2831819684
Argentina,ARG,2012,PIB per cápita,NY.GDP.PCAP.CD,US$ corrientes,12949.717486654
Argentina,ARG,2013,PIB per cápita,NY.GDP.PCAP.CD,US$ corrientes,12963.675773326
Argentina,ARG,2014,PIB per cápita,NY.GDP.PCAP.CD,US$ corrientes,12233.1444119186
Argentina,ARG,2015,PIB per cápita,NY.GDP.PCAP.CD,US$ corrientes,13679.6264980954
Argentina,ARG,2016,PIB per cápita,NY.GDP.PCAP.CD,US$ corrientes,12699.9623137756
Argentina,ARG,2017,PIB per cápita,NY.GDP.PCAP.CD,US$ corrientes,14532.5009308511
Argentina,ARG,2018,PIB per cápita,NY.GDP.PCAP.CD,US$ corrientes,11752.7998922979
Argentina,ARG,2019,PIB per cápita,NY.GDP.PCAP.CD,US$ corrientes,9955.97478680428
Argentina,ARG,2020,PIB per cápita,NY.GDP.PCAP.CD,US$ corrientes,8535.59938004389
Argentina,ARG,2021,PIB per cápita,NY.GDP.PCAP.CD,US$ corrientes,10738.0179223384
Argentina,ARG,2022,PIB per cápita,NY.GDP.PCAP.CD,US$ corrientes,13962.1894087223
Argentina,ARG,2023,PIB per cápita,NY.GDP.PCAP.CD,US$ corrientes,14261.8465667948
Argentina,ARG,2024,PIB per cápita,NY.GDP.PCAP.CD,US$ corrientes,13969.7836603737
Argentina,ARG,2025,PIB per cápita,NY.GDP.PCAP.CD,US$ corrientes,14898.0885943842
Bolivia,BOL,2000,PIB per cápita,NY.GDP.PCAP.CD,US$ corrientes,975.777060358751
Bolivia,BOL,2001,PIB per cápita,NY.GDP.PCAP.CD,US$ corrientes,930.168227214313
Bolivia,BOL,2002,PIB per cápita,NY.GDP.PCAP.CD,US$ corrientes,888.221328974352
Bolivia,BOL,2003,PIB per cápita,NY.GDP.PCAP.CD,US$ corrientes,893.013760211149
Bolivia,BOL,2004,PIB per cápita,NY.GDP.PCAP.CD,US$ corrientes,953.191893246277
Bolivia,BOL,2005,PIB per cápita,NY.GDP.PCAP.CD,US$ corrientes,1020.12326200737
Bolivia,BOL,2006,PIB per cápita,NY.GDP.PCAP.CD,US$ corrientes,1202.71150446327
Bolivia,BOL,2007,PIB per cápita,NY.GDP.PCAP.CD,US$ corrientes,1354.54905949929
Bolivia,BOL,2008,PIB per cápita,NY.GDP.PCAP.CD,US$ corrientes,1692.67248455876
Bolivia,BOL,2009,PIB per cápita,NY.GDP.PCAP.CD,US$ corrientes,1731.18172112209
Bolivia,BOL,2010,PIB per cápita,NY.GDP.PCAP.CD,US$ corrientes,1929.78373077158
Bolivia,BOL,2011,PIB per cápita,NY.GDP.PCAP.CD,US$ corrientes,2315.52121930607
Bolivia,BOL,2012,PIB per cápita,NY.GDP.PCAP.CD,US$ corrientes,2575.59857098084
Bolivia,BOL,2013,PIB per cápita,NY.GDP.PCAP.CD,US$ corrientes,2870.02377000756
Bolivia,BOL,2014,PIB per cápita,NY.GDP.PCAP.CD,US$ corrientes,3041.43503162408
Bolivia,BOL,2015,PIB per cápita,NY.GDP.PCAP.CD,US$ corrientes,2996.01289811344
Bolivia,BOL,2016,PIB per cápita,NY.GDP.PCAP.CD,US$ corrientes,3035.87347732132
Bolivia,BOL,2017,PIB per cápita,NY.GDP.PCAP.CD,US$ corrientes,4048.40119739839
Bolivia,BOL,2018,PIB per cápita,NY.GDP.PCAP.CD,US$ corrientes,4206.8552936661
Bolivia,BOL,2019,PIB per cápita,NY.GDP.PCAP.CD,US$ corrientes,4203.15492855788
Bolivia,BOL,2020,PIB per cápita,NY.GDP.PCAP.CD,US$ corrientes,3580.96761778303
Bolivia,BOL,2021,PIB per cápita,NY.GDP.PCAP.CD,US$ corrientes,4010.76053686204
Bolivia,BOL,2022,PIB per cápita,NY.GDP.PCAP.CD,US$ corrientes,4219.46113742445
Bolivia,BOL,2023,PIB per cápita,NY.GDP.PCAP.CD,US$ corrientes,4274.70820547613
Bolivia,BOL,2024,PIB per cápita,NY.GDP.PCAP.CD,US$ corrientes,4421.16609889999
Bolivia,BOL,2025,PIB per cápita,NY.GDP.PCAP.CD,US$ corrientes,5147.81081955367
Brasil,BRA,2000,PIB per cápita,NY.GDP.PCAP.CD,US$ corrientes,3766.54811466032
Brasil,BRA,2001,PIB per cápita,NY.GDP.PCAP.CD,US$ corrientes,3176.28935747524
Brasil,BRA,2002,PIB per cápita,NY.GDP.PCAP.CD,US$ corrientes,2855.94018885769
Brasil,BRA,2003,PIB per cápita,NY.GDP.PCAP.CD,US$ corrientes,3090.6070097455
Brasil,BRA,2004,PIB per cápita,NY.GDP.PCAP.CD,US$ corrientes,3663.823188064
Brasil,BRA,2005,PIB per cápita,NY.GDP.PCAP.CD,US$ corrientes,4827.78173074714
Brasil,BRA,2006,PIB per cápita,NY.GDP.PCAP.CD,US$ corrientes,5934.14470924968
Brasil,BRA,2007,PIB per cápita,NY.GDP.PCAP.CD,US$ corrientes,7409.69130673473
Brasil,BRA,2008,PIB per cápita,NY.GDP.PCAP.CD,US$ corrientes,8908.33176538648
Brasil,BRA,2009,PIB per cápita,NY.GDP.PCAP.CD,US$ corrientes,8678.6592244676
Brasil,BRA,2010,PIB per cápita,NY.GDP.PCAP.CD,US$ corrientes,11403.2821278747
Brasil,BRA,2011,PIB per cápita,NY.GDP.PCAP.CD,US$ corrientes,13396.6243562986
Brasil,BRA,2012,PIB per cápita,NY.GDP.PCAP.CD,US$ corrientes,12521.7213519966
Brasil,BRA,2013,PIB per cápita,NY.GDP.PCAP.CD,US$ corrientes,12458.8912138813
Brasil,BRA,2014,PIB per cápita,NY.GDP.PCAP.CD,US$ corrientes,12274.9939689363
Brasil,BRA,2015,PIB per cápita,NY.GDP.PCAP.CD,US$ corrientes,8936.19661712113
Brasil,BRA,2016,PIB per cápita,NY.GDP.PCAP.CD,US$ corrientes,8836.28652735657
Brasil,BRA,2017,PIB per cápita,NY.GDP.PCAP.CD,US$ corrientes,10080.5092819305
Brasil,BRA,2018,PIB per cápita,NY.GDP.PCAP.CD,US$ corrientes,9300.66164923219
Brasil,BRA,2019,PIB per cápita,NY.GDP.PCAP.CD,US$ corrientes,9029.83326681073
Brasil,BRA,2020,PIB per cápita,NY.GDP.PCAP.CD,US$ corrientes,7074.19378337644
Brasil,BRA,2021,PIB per cápita,NY.GDP.PCAP.CD,US$ corrientes,7972.5366498646
Brasil,BRA,2022,PIB per cápita,NY.GDP.PCAP.CD,US$ corrientes,9281.33334441234
Brasil,BRA,2023,PIB per cápita,NY.GDP.PCAP.CD,US$ corrientes,10377.5892792557
Brasil,BRA,2024,PIB per cápita,NY.GDP.PCAP.CD,US$ corrientes,10310.5486973693
Brasil,BRA,2025,PIB per cápita,NY.GDP.PCAP.CD,US$ corrientes,10713.2856869511
Chile,CHL,2000,PIB per cápita,NY.GDP.PCAP.CD,US$ corrientes,5052.99245766325
Chile,CHL,2001,PIB per cápita,NY.GDP.PCAP.CD,US$ corrientes,4563.5952986689
Chile,CHL,2002,PIB per cápita,NY.GDP.PCAP.CD,US$ corrientes,4430.84741157984
Chile,CHL,2003,PIB per cápita,NY.GDP.PCAP.CD,US$ corrientes,4773.40177520754
Chile,CHL,2004,PIB per cápita,NY.GDP.PCAP.CD,US$ corrientes,6120.59152055344
Chile,CHL,2005,PIB per cápita,NY.GDP.PCAP.CD,US$ corrientes,7480.32330998636
Chile,CHL,2006,PIB per cápita,NY.GDP.PCAP.CD,US$ corrientes,9318.65655296121
Chile,CHL,2007,PIB per cápita,NY.GDP.PCAP.CD,US$ corrientes,10346.4138184533
Chile,CHL,2008,PIB per cápita,NY.GDP.PCAP.CD,US$ corrientes,10683.2188772511
Chile,CHL,2009,PIB per cápita,NY.GDP.PCAP.CD,US$ corrientes,10098.8017167286
Chile,CHL,2010,PIB per cápita,NY.GDP.PCAP.CD,US$ corrientes,12632.8704724192
Chile,CHL,2011,PIB per cápita,NY.GDP.PCAP.CD,US$ corrientes,14487.3927832032
Chile,CHL,2012,PIB per cápita,NY.GDP.PCAP.CD,US$ corrientes,15241.9069981119
Chile,CHL,2013,PIB per cápita,NY.GDP.PCAP.CD,US$ corrientes,15683.5486369155
Chile,CHL,2014,PIB per cápita,NY.GDP.PCAP.CD,US$ corrientes,14529.6767206336
Chile,CHL,2015,PIB per cápita,NY.GDP.PCAP.CD,US$ corrientes,13433.9202987032
Chile,CHL,2016,PIB per cápita,NY.GDP.PCAP.CD,US$ corrientes,13649.8520452803
Chile,CHL,2017,PIB per cápita,NY.GDP.PCAP.CD,US$ corrientes,14879.9086227187
Chile,CHL,2018,PIB per cápita,NY.GDP.PCAP.CD,US$ corrientes,15659.4808675628
Chile,CHL,2019,PIB per cápita,NY.GDP.PCAP.CD,US$ corrientes,14496.9345640362
Chile,CHL,2020,PIB per cápita,NY.GDP.PCAP.CD,US$ corrientes,13117.9930230086
Chile,CHL,2021,PIB per cápita,NY.GDP.PCAP.CD,US$ corrientes,16216.1840860289
Chile,CHL,2022,PIB per cápita,NY.GDP.PCAP.CD,US$ corrientes,15399.1044717559
Chile,CHL,2023,PIB per cápita,NY.GDP.PCAP.CD,US$ corrientes,17081.5180740049
Chile,CHL,2024,PIB per cápita,NY.GDP.PCAP.CD,US$ corrientes,16658.9652720351
Chile,CHL,2025,PIB per cápita,NY.GDP.PCAP.CD,US$ corrientes,17994.5911957485
Colombia,COL,2000,PIB per cápita,NY.GDP.PCAP.CD,US$ corrientes,2555.00751039968
Colombia,COL,2001,PIB per cápita,NY.GDP.PCAP.CD,US$ corrientes,2472.99084035833
Colombia,COL,2002,PIB per cápita,NY.GDP.PCAP.CD,US$ corrientes,2428.92969771584
Colombia,COL,2003,PIB per cápita,NY.GDP.PCAP.CD,US$ corrientes,2311.94218760291
Colombia,COL,2004,PIB per cápita,NY.GDP.PCAP.CD,US$ corrientes,2818.57195413044
Colombia,COL,2005,PIB per cápita,NY.GDP.PCAP.CD,US$ corrientes,3456.06610874512
Colombia,COL,2006,PIB per cápita,NY.GDP.PCAP.CD,US$ corrientes,3789.85361217027
Colombia,COL,2007,PIB per cápita,NY.GDP.PCAP.CD,US$ corrientes,4769.926147194
Colombia,COL,2008,PIB per cápita,NY.GDP.PCAP.CD,US$ corrientes,5541.83629665898
Colombia,COL,2009,PIB per cápita,NY.GDP.PCAP.CD,US$ corrientes,5250.97292433518
Colombia,COL,2010,PIB per cápita,NY.GDP.PCAP.CD,US$ corrientes,6398.2958447102
Colombia,COL,2011,PIB per cápita,NY.GDP.PCAP.CD,US$ corrientes,7400.9940695669
Colombia,COL,2012,PIB per cápita,NY.GDP.PCAP.CD,US$ corrientes,8108.59838244229
Colombia,COL,2013,PIB per cápita,NY.GDP.PCAP.CD,US$ corrientes,8279.10255642981
Colombia,COL,2014,PIB per cápita,NY.GDP.PCAP.CD,US$ corrientes,8187.20824890084
Colombia,COL,2015,PIB per cápita,NY.GDP.PCAP.CD,US$ corrientes,6248.51490534512
Colombia,COL,2016,PIB per cápita,NY.GDP.PCAP.CD,US$ corrientes,5959.84250367574
Colombia,COL,2017,PIB per cápita,NY.GDP.PCAP.CD,US$ corrientes,6479.53231292429
Colombia,COL,2018,PIB per cápita,NY.GDP.PCAP.CD,US$ corrientes,6816.96818309544
Colombia,COL,2019,PIB per cápita,NY.GDP.PCAP.CD,US$ corrientes,6472.54544924705
Colombia,COL,2020,PIB per cápita,NY.GDP.PCAP.CD,US$ corrientes,5339.68711357943
Colombia,COL,2021,PIB per cápita,NY.GDP.PCAP.CD,US$ corrientes,6222.62164397614
Colombia,COL,2022,PIB per cápita,NY.GDP.PCAP.CD,US$ corrientes,6680.44506854481
Colombia,COL,2023,PIB per cápita,NY.GDP.PCAP.CD,US$ corrientes,7012.49169137756
Colombia,COL,2024,PIB per cápita,NY.GDP.PCAP.CD,US$ corrientes,7951.08624019412
Colombia,COL,2025,PIB per cápita,NY.GDP.PCAP.CD,US$ corrientes,8561.62091854449
Ecuador,ECU,2000,PIB per cápita,NY.GDP.PCAP.CD,US$ corrientes,1382.23421759909
Ecuador,ECU,2001,PIB per cápita,NY.GDP.PCAP.CD,US$ corrientes,1791.30359685037
Ecuador,ECU,2002,PIB per cápita,NY.GDP.PCAP.CD,US$ corrientes,2059.1585535974
Ecuador,ECU,2003,PIB per cápita,NY.GDP.PCAP.CD,US$ corrientes,2315.62215223014
Ecuador,ECU,2004,PIB per cápita,NY.GDP.PCAP.CD,US$ corrientes,2586.20914663347
Ecuador,ECU,2005,PIB per cápita,NY.GDP.PCAP.CD,US$ corrientes,2909.02606014388
Ecuador,ECU,2006,PIB per cápita,NY.GDP.PCAP.CD,US$ corrientes,3243.67010359339
Ecuador,ECU,2007,PIB per cápita,NY.GDP.PCAP.CD,US$ corrientes,3478.92488770671
Ecuador,ECU,2008,PIB per cápita,NY.GDP.PCAP.CD,US$ corrientes,4194.75750661981
Ecuador,ECU,2009,PIB per cápita,NY.GDP.PCAP.CD,US$ corrientes,4053.36331139298
Ecuador,ECU,2010,PIB per cápita,NY.GDP.PCAP.CD,US$ corrientes,4520.30959039763
Ecuador,ECU,2011,PIB per cápita,NY.GDP.PCAP.CD,US$ corrientes,5153.6916424375
Ecuador,ECU,2012,PIB per cápita,NY.GDP.PCAP.CD,US$ corrientes,5634.08393191094
Ecuador,ECU,2013,PIB per cápita,NY.GDP.PCAP.CD,US$ corrientes,6109.29031510341
Ecuador,ECU,2014,PIB per cápita,NY.GDP.PCAP.CD,US$ corrientes,6405.79979300441
Ecuador,ECU,2015,PIB per cápita,NY.GDP.PCAP.CD,US$ corrientes,5976.1596805651
Ecuador,ECU,2016,PIB per cápita,NY.GDP.PCAP.CD,US$ corrientes,5917.63771271481
Ecuador,ECU,2017,PIB per cápita,NY.GDP.PCAP.CD,US$ corrientes,6233.32244797718
Ecuador,ECU,2018,PIB per cápita,NY.GDP.PCAP.CD,US$ corrientes,6303.91886658338
Ecuador,ECU,2019,PIB per cápita,NY.GDP.PCAP.CD,US$ corrientes,6205.05765246766
Ecuador,ECU,2020,PIB per cápita,NY.GDP.PCAP.CD,US$ corrientes,5463.64515348598
Ecuador,ECU,2021,PIB per cápita,NY.GDP.PCAP.CD,US$ corrientes,6061.32350181711
Ecuador,ECU,2022,PIB per cápita,NY.GDP.PCAP.CD,US$ corrientes,6515.58528418336
Ecuador,ECU,2023,PIB per cápita,NY.GDP.PCAP.CD,US$ corrientes,6718.1447938811
Ecuador,ECU,2024,PIB per cápita,NY.GDP.PCAP.CD,US$ corrientes,6826.5294137822
Ecuador,ECU,2025,PIB per cápita,NY.GDP.PCAP.CD,US$ corrientes,7125.27618527738
Guyana,GUY,2000,PIB per cápita,NY.GDP.PCAP.CD,US$ corrientes,931.796651718955
Guyana,GUY,2001,PIB per cápita,NY.GDP.PCAP.CD,US$ corrientes,931.574723847673
Guyana,GUY,2002,PIB per cápita,NY.GDP.PCAP.CD,US$ corrientes,950.866932470993
Guyana,GUY,2003,PIB per cápita,NY.GDP.PCAP.CD,US$ corrientes,973.742598054188
Guyana,GUY,2004,PIB per cápita,NY.GDP.PCAP.CD,US$ corrientes,1033.31030902188
Guyana,GUY,2005,PIB per cápita,NY.GDP.PCAP.CD,US$ corrientes,1084.06541388904
Guyana,GUY,2006,PIB per cápita,NY.GDP.PCAP.CD,US$ corrientes,3135.60553528326
Guyana,GUY,2007,PIB per cápita,NY.GDP.PCAP.CD,US$ corrientes,3608.28685240188
Guyana,GUY,2008,PIB per cápita,NY.GDP.PCAP.CD,US$ corrientes,4008.9628671603
Guyana,GUY,2009,PIB per cápita,NY.GDP.PCAP.CD,US$ corrientes,4209.13230624565
Guyana,GUY,2010,PIB per cápita,NY.GDP.PCAP.CD,US$ corrientes,4581.76179693492
Guyana,GUY,2011,PIB per cápita,NY.GDP.PCAP.CD,US$ corrientes,4947.22170589917
Guyana,GUY,2012,PIB per cápita,NY.GDP.PCAP.CD,US$ corrientes,5444.39751913913
Guyana,GUY,2013,PIB per cápita,NY.GDP.PCAP.CD,US$ corrientes,5556.91231156932
Guyana,GUY,2014,PIB per cápita,NY.GDP.PCAP.CD,US$ corrientes,5472.68820452237
Guyana,GUY,2015,PIB per cápita,NY.GDP.PCAP.CD,US$ corrientes,5640.41560569466
Guyana,GUY,2016,PIB per cápita,NY.GDP.PCAP.CD,US$ corrientes,5870.87823759835
Guyana,GUY,2017,PIB per cápita,NY.GDP.PCAP.CD,US$ corrientes,6178.6650437298
Guyana,GUY,2018,PIB per cápita,NY.GDP.PCAP.CD,US$ corrientes,6048.38697180418
Guyana,GUY,2019,PIB per cápita,NY.GDP.PCAP.CD,US$ corrientes,6405.82443444562
Guyana,GUY,2020,PIB per cápita,NY.GDP.PCAP.CD,US$ corrientes,6775.70939096303
Guyana,GUY,2021,PIB per cápita,NY.GDP.PCAP.CD,US$ corrientes,9860.87014834386
Guyana,GUY,2022,PIB per cápita,NY.GDP.PCAP.CD,US$ corrientes,17913.4928066879
Guyana,GUY,2023,PIB per cápita,NY.GDP.PCAP.CD,US$ corrientes,20473.7002190617
Guyana,GUY,2024,PIB per cápita,NY.GDP.PCAP.CD,US$ corrientes,29675.2501582835
Guyana,GUY,2025,PIB per cápita,NY.GDP.PCAP.CD,US$ corrientes,32413.7930757518
Paraguay,PRY,2000,PIB per cápita,NY.GDP.PCAP.CD,US$ corrientes,1736.11729210765
Paraguay,PRY,2001,PIB per cápita,NY.GDP.PCAP.CD,US$ corrientes,1637.68615122932
Paraguay,PRY,2002,PIB per cápita,NY.GDP.PCAP.CD,US$ corrientes,1367.76506935997
Paraguay,PRY,2003,PIB per cápita,NY.GDP.PCAP.CD,US$ corrientes,1443.99885236205
Paraguay,PRY,2004,PIB per cápita,NY.GDP.PCAP.CD,US$ corrientes,1786.21533938543
Paraguay,PRY,2005,PIB per cápita,NY.GDP.PCAP.CD,US$ corrientes,1970.87169852378
Paraguay,PRY,2006,PIB per cápita,NY.GDP.PCAP.CD,US$ corrientes,2439.43124694576
Paraguay,PRY,2007,PIB per cápita,NY.GDP.PCAP.CD,US$ corrientes,3211.93621659546
Paraguay,PRY,2008,PIB per cápita,NY.GDP.PCAP.CD,US$ corrientes,4384.9546943793
Paraguay,PRY,2009,PIB per cápita,NY.GDP.PCAP.CD,US$ corrientes,3941.84815479271
Paraguay,PRY,2010,PIB per cápita,NY.GDP.PCAP.CD,US$ corrientes,4750.96273669322
Paraguay,PRY,2011,PIB per cápita,NY.GDP.PCAP.CD,US$ corrientes,5805.40154543044
Paraguay,PRY,2012,PIB per cápita,NY.GDP.PCAP.CD,US$ corrientes,5642.1699167298
Paraguay,PRY,2013,PIB per cápita,NY.GDP.PCAP.CD,US$ corrientes,6435.68342733182
Paraguay,PRY,2014,PIB per cápita,NY.GDP.PCAP.CD,US$ corrientes,6652.25478942291
Paraguay,PRY,2015,PIB per cápita,NY.GDP.PCAP.CD,US$ corrientes,5879.33792308671
Paraguay,PRY,2016,PIB per cápita,NY.GDP.PCAP.CD,US$ corrientes,5775.1596339946
Paraguay,PRY,2017,PIB per cápita,NY.GDP.PCAP.CD,US$ corrientes,6152.26711537703
Paraguay,PRY,2018,PIB per cápita,NY.GDP.PCAP.CD,US$ corrientes,6258.44991640954
Paraguay,PRY,2019,PIB per cápita,NY.GDP.PCAP.CD,US$ corrientes,5821.18199548637
Paraguay,PRY,2020,PIB per cápita,NY.GDP.PCAP.CD,US$ corrientes,5365.47220721191
Paraguay,PRY,2021,PIB per cápita,NY.GDP.PCAP.CD,US$ corrientes,5974.9057185863
Paraguay,PRY,2022,PIB per cápita,NY.GDP.PCAP.CD,US$ corrientes,6189.10205375331
Paraguay,PRY,2023,PIB per cápita,NY.GDP.PCAP.CD,US$ corrientes,6303.26495017292
Paraguay,PRY,2024,PIB per cápita,NY.GDP.PCAP.CD,US$ corrientes,6456.60723068562
Paraguay,PRY,2025,PIB per cápita,NY.GDP.PCAP.CD,US$ corrientes,7026.61906146401
Perú,PER,2000,PIB per cápita,NY.GDP.PCAP.CD,US$ corrientes,1945.41338451698
Perú,PER,2001,PIB per cápita,NY.GDP.PCAP.CD,US$ corrientes,1929.57273038846
Perú,PER,2002,PIB per cápita,NY.GDP.PCAP.CD,US$ corrientes,2007.37019626753
Perú,PER,2003,PIB per cápita,NY.GDP.PCAP.CD,US$ corrientes,2129.44114197634
Perú,PER,2004,PIB per cápita,NY.GDP.PCAP.CD,US$ corrientes,2397.25147277714
Perú,PER,2005,PIB per cápita,NY.GDP.PCAP.CD,US$ corrientes,2706.66947297608
Perú,PER,2006,PIB per cápita,NY.GDP.PCAP.CD,US$ corrientes,3129.55996496982
Perú,PER,2007,PIB per cápita,NY.GDP.PCAP.CD,US$ corrientes,3581.0893081917
Perú,PER,2008,PIB per cápita,NY.GDP.PCAP.CD,US$ corrientes,4197.58444634142
Perú,PER,2009,PIB per cápita,NY.GDP.PCAP.CD,US$ corrientes,4181.18755462253
Perú,PER,2010,PIB per cápita,NY.GDP.PCAP.CD,US$ corrientes,5072.11494019615
Perú,PER,2011,PIB per cápita,NY.GDP.PCAP.CD,US$ corrientes,5861.35793645245
Perú,PER,2012,PIB per cápita,NY.GDP.PCAP.CD,US$ corrientes,6519.37852981527
Perú,PER,2013,PIB per cápita,NY.GDP.PCAP.CD,US$ corrientes,6746.80025696601
Perú,PER,2014,PIB per cápita,NY.GDP.PCAP.CD,US$ corrientes,6667.13410360861
Perú,PER,2015,PIB per cápita,NY.GDP.PCAP.CD,US$ corrientes,6231.71150338894
Perú,PER,2016,PIB per cápita,NY.GDP.PCAP.CD,US$ corrientes,6217.03599995447
Perú,PER,2017,PIB per cápita,NY.GDP.PCAP.CD,US$ corrientes,6736.16693725487
Perú,PER,2018,PIB per cápita,NY.GDP.PCAP.CD,US$ corrientes,6978.49121548627
Perú,PER,2019,PIB per cápita,NY.GDP.PCAP.CD,US$ corrientes,7037.00803692604
Perú,PER,2020,PIB per cápita,NY.GDP.PCAP.CD,US$ corrientes,6133.32552410183
Perú,PER,2021,PIB per cápita,NY.GDP.PCAP.CD,US$ corrientes,6828.53422535638
Perú,PER,2022,PIB per cápita,NY.GDP.PCAP.CD,US$ corrientes,7353.74598721667
Perú,PER,2023,PIB per cápita,NY.GDP.PCAP.CD,US$ corrientes,7919.04634828547
Perú,PER,2024,PIB per cápita,NY.GDP.PCAP.CD,US$ corrientes,8526.29665719783
Perú,PER,2025,PIB per cápita,NY.GDP.PCAP.CD,US$ corrientes,9684.41170314988
Surinam,SUR,2000,PIB per cápita,NY.GDP.PCAP.CD,US$ corrientes,1988.22172925433
Surinam,SUR,2001,PIB per cápita,NY.GDP.PCAP.CD,US$ corrientes,1714.64846637242
Surinam,SUR,2002,PIB per cápita,NY.GDP.PCAP.CD,US$ corrientes,2202.340682196
Surinam,SUR,2003,PIB per cápita,NY.GDP.PCAP.CD,US$ corrientes,2516.10404020956
Surinam,SUR,2004,PIB per cápita,NY.GDP.PCAP.CD,US$ corrientes,2887.7721728844
Surinam,SUR,2005,PIB per cápita,NY.GDP.PCAP.CD,US$ corrientes,3453.42865937765
Surinam,SUR,2006,PIB per cápita,NY.GDP.PCAP.CD,US$ corrientes,5002.65798695759
Surinam,SUR,2007,PIB per cápita,NY.GDP.PCAP.CD,US$ corrientes,5530.17615638309
Surinam,SUR,2008,PIB per cápita,NY.GDP.PCAP.CD,US$ corrientes,6576.08546307249
Surinam,SUR,2009,PIB per cápita,NY.GDP.PCAP.CD,US$ corrientes,7129.5768626291
Surinam,SUR,2010,PIB per cápita,NY.GDP.PCAP.CD,US$ corrientes,7943.60482816915
Surinam,SUR,2011,PIB per cápita,NY.GDP.PCAP.CD,US$ corrientes,7949.88867218383
Surinam,SUR,2012,PIB per cápita,NY.GDP.PCAP.CD,US$ corrientes,8851.24050668908
Surinam,SUR,2013,PIB per cápita,NY.GDP.PCAP.CD,US$ corrientes,9043.19281529222
Surinam,SUR,2014,PIB per cápita,NY.GDP.PCAP.CD,US$ corrientes,9108.18905406764
Surinam,SUR,2015,PIB per cápita,NY.GDP.PCAP.CD,US$ corrientes,8813.61705392067
Surinam,SUR,2016,PIB per cápita,NY.GDP.PCAP.CD,US$ corrientes,5644.2061057532
Surinam,SUR,2017,PIB per cápita,NY.GDP.PCAP.CD,US$ corrientes,6049.52128553675
Surinam,SUR,2018,PIB per cápita,NY.GDP.PCAP.CD,US$ corrientes,6665.74180472239
Surinam,SUR,2019,PIB per cápita,NY.GDP.PCAP.CD,US$ corrientes,6629.66775248603
Surinam,SUR,2020,PIB per cápita,NY.GDP.PCAP.CD,US$ corrientes,4755.39221710693
Surinam,SUR,2021,PIB per cápita,NY.GDP.PCAP.CD,US$ corrientes,5029.84838543953
Surinam,SUR,2022,PIB per cápita,NY.GDP.PCAP.CD,US$ corrientes,6084.43876736445
Surinam,SUR,2023,PIB per cápita,NY.GDP.PCAP.CD,US$ corrientes,5521.97602122638
Surinam,SUR,2024,PIB per cápita,NY.GDP.PCAP.CD,US$ corrientes,6961.78956060258
Surinam,SUR,2025,PIB per cápita,NY.GDP.PCAP.CD,US$ corrientes,7069.87230892274
Uruguay,URY,2000,PIB per cápita,NY.GDP.PCAP.CD,US$ corrientes,6987.70098766257
Uruguay,URY,2001,PIB per cápita,NY.GDP.PCAP.CD,US$ corrientes,6382.76104740859
Uruguay,URY,2002,PIB per cápita,NY.GDP.PCAP.CD,US$ corrientes,4149.76140312687
Uruguay,URY,2003,PIB per cápita,NY.GDP.PCAP.CD,US$ corrientes,3671.12329256883
Uruguay,URY,2004,PIB per cápita,NY.GDP.PCAP.CD,US$ corrientes,4168.66065438387
Uruguay,URY,2005,PIB per cápita,NY.GDP.PCAP.CD,US$ corrientes,5284.25677987129
Uruguay,URY,2006,PIB per cápita,NY.GDP.PCAP.CD,US$ corrientes,6001.33294783172
Uruguay,URY,2007,PIB per cápita,NY.GDP.PCAP.CD,US$ corrientes,7222.05403645877
Uruguay,URY,2008,PIB per cápita,NY.GDP.PCAP.CD,US$ corrientes,9423.96562595893
Uruguay,URY,2009,PIB per cápita,NY.GDP.PCAP.CD,US$ corrientes,9881.39573127081
Uruguay,URY,2010,PIB per cápita,NY.GDP.PCAP.CD,US$ corrientes,12641.0576849008
Uruguay,URY,2011,PIB per cápita,NY.GDP.PCAP.CD,US$ corrientes,15132.2675725587
Uruguay,URY,2012,PIB per cápita,NY.GDP.PCAP.CD,US$ corrientes,16259.5940814256
Uruguay,URY,2013,PIB per cápita,NY.GDP.PCAP.CD,US$ corrientes,18335.2594772322
Uruguay,URY,2014,PIB per cápita,NY.GDP.PCAP.CD,US$ corrientes,18322.4276767157
Uruguay,URY,2015,PIB per cápita,NY.GDP.PCAP.CD,US$ corrientes,17125.9016800298
Uruguay,URY,2016,PIB per cápita,NY.GDP.PCAP.CD,US$ corrientes,17009.7584207276
Uruguay,URY,2017,PIB per cápita,NY.GDP.PCAP.CD,US$ corrientes,19184.6626114272
Uruguay,URY,2018,PIB per cápita,NY.GDP.PCAP.CD,US$ corrientes,19249.9404677501
Uruguay,URY,2019,PIB per cápita,NY.GDP.PCAP.CD,US$ corrientes,18315.7350377437
Uruguay,URY,2020,PIB per cápita,NY.GDP.PCAP.CD,US$ corrientes,15757.5341990356
Uruguay,URY,2021,PIB per cápita,NY.GDP.PCAP.CD,US$ corrientes,17881.8119616753
Uruguay,URY,2022,PIB per cápita,NY.GDP.PCAP.CD,US$ corrientes,21009.2883798725
Uruguay,URY,2023,PIB per cápita,NY.GDP.PCAP.CD,US$ corrientes,23378.6399733516
Uruguay,URY,2024,PIB per cápita,NY.GDP.PCAP.CD,US$ corrientes,24308.4954958447
Uruguay,URY,2025,PIB per cápita,NY.GDP.PCAP.CD,US$ corrientes,25215.8238152781
Venezuela,VEN,2000,PIB per cápita,NY.GDP.PCAP.CD,US$ corrientes,4776.2816763938
Venezuela,VEN,2001,PIB per cápita,NY.GDP.PCAP.CD,US$ corrientes,4920.39313600453
Venezuela,VEN,2002,PIB per cápita,NY.GDP.PCAP.CD,US$ corrientes,3652.09896501865
Venezuela,VEN,2003,PIB per cápita,NY.GDP.PCAP.CD,US$ corrientes,3229.50557082079
Venezuela,VEN,2004,PIB per cápita,NY.GDP.PCAP.CD,US$ corrientes,4269.08970872392
Venezuela,VEN,2005,PIB per cápita,NY.GDP.PCAP.CD,US$ corrientes,5432.4854184654
Venezuela,VEN,2006,PIB per cápita,NY.GDP.PCAP.CD,US$ corrientes,6739.38065342218
Venezuela,VEN,2007,PIB per cápita,NY.GDP.PCAP.CD,US$ corrientes,8331.62096991844
Venezuela,VEN,2008,PIB per cápita,NY.GDP.PCAP.CD,US$ corrientes,11262.4514256759
Venezuela,VEN,2009,PIB per cápita,NY.GDP.PCAP.CD,US$ corrientes,11596.6021921731
Venezuela,VEN,2010,PIB per cápita,NY.GDP.PCAP.CD,US$ corrientes,13646.3046622664
Venezuela,VEN,2011,PIB per cápita,NY.GDP.PCAP.CD,US$ corrientes,10843.9229703167
Venezuela,VEN,2012,PIB per cápita,NY.GDP.PCAP.CD,US$ corrientes,12582.0125686037
Venezuela,VEN,2013,PIB per cápita,NY.GDP.PCAP.CD,US$ corrientes,8642.37380007027
Venezuela,VEN,2014,PIB per cápita,NY.GDP.PCAP.CD,US$ corrientes,7101.15006382986
Venezuela,VEN,2015,PIB per cápita,NY.GDP.PCAP.CD,US$ corrientes,4096.61989137473
Venezuela,VEN,2016,PIB per cápita,NY.GDP.PCAP.CD,US$ corrientes,3671.23004093383
Venezuela,VEN,2017,PIB per cápita,NY.GDP.PCAP.CD,US$ corrientes,3791.63262049576
Venezuela,VEN,2018,PIB per cápita,NY.GDP.PCAP.CD,US$ corrientes,3421.51341607593
Venezuela,VEN,2019,PIB per cápita,NY.GDP.PCAP.CD,US$ corrientes,2523.11527549578
Venezuela,VEN,2020,PIB per cápita,NY.GDP.PCAP.CD,US$ corrientes,1506.04169391285
Venezuela,VEN,2021,PIB per cápita,NY.GDP.PCAP.CD,US$ corrientes,2004.93572921136
Venezuela,VEN,2022,PIB per cápita,NY.GDP.PCAP.CD,US$ corrientes,3155.04190923584
Venezuela,VEN,2023,PIB per cápita,NY.GDP.PCAP.CD,US$ corrientes,3617.47038396528
Venezuela,VEN,2024,PIB per cápita,NY.GDP.PCAP.CD,US$ corrientes,4244.45723136019
Venezuela,VEN,2025,PIB per cápita,NY.GDP.PCAP.CD,US$ corrientes,3494.8138870244
Argentina,ARG,2000,Población,SP.POP.TOTL,personas,37213984.0
Argentina,ARG,2001,Población,SP.POP.TOTL,personas,37624825.0
Argentina,ARG,2002,Población,SP.POP.TOTL,personas,38029349.0
Argentina,ARG,2003,Población,SP.POP.TOTL,personas,38424282.0
Argentina,ARG,2004,Población,SP.POP.TOTL,personas,38815916.0
Argentina,ARG,2005,Población,SP.POP.TOTL,personas,39216789.0
Argentina,ARG,2006,Población,SP.POP.TOTL,personas,39622115.0
Argentina,ARG,2007,Población,SP.POP.TOTL,personas,40016763.0
Argentina,ARG,2008,Población,SP.POP.TOTL,personas,40424148.0
Argentina,ARG,2009,Población,SP.POP.TOTL,personas,40854831.0
Argentina,ARG,2010,Población,SP.POP.TOTL,personas,41288694.0
Argentina,ARG,2011,Población,SP.POP.TOTL,personas,41730660.0
Argentina,ARG,2012,Población,SP.POP.TOTL,personas,42161721.0
Argentina,ARG,2013,Población,SP.POP.TOTL,personas,42582455.0
Argentina,ARG,2014,Población,SP.POP.TOTL,personas,43024071.0
Argentina,ARG,2015,Población,SP.POP.TOTL,personas,43477012.0
Argentina,ARG,2016,Población,SP.POP.TOTL,personas,43900313.0
Argentina,ARG,2017,Población,SP.POP.TOTL,personas,44288894.0
Argentina,ARG,2018,Población,SP.POP.TOTL,personas,44654882.0
Argentina,ARG,2019,Población,SP.POP.TOTL,personas,44973465.0
Argentina,ARG,2020,Población,SP.POP.TOTL,personas,45191965.0
Argentina,ARG,2021,Población,SP.POP.TOTL,personas,45312281.0
Argentina,ARG,2022,Población,SP.POP.TOTL,personas,45407904.0
Argentina,ARG,2023,Población,SP.POP.TOTL,personas,45538401.0
Argentina,ARG,2024,Población,SP.POP.TOTL,personas,45696159.0
Argentina,ARG,2025,Población,SP.POP.TOTL,personas,45851378.0
Bolivia,BOL,2000,Población,SP.POP.TOTL,personas,8606326.0
Bolivia,BOL,2001,Población,SP.POP.TOTL,personas,8752736.0
Bolivia,BOL,2002,Población,SP.POP.TOTL,personas,8900355.0
Bolivia,BOL,2003,Población,SP.POP.TOTL,personas,9050700.0
Bolivia,BOL,2004,Población,SP.POP.TOTL,personas,9204287.0
Bolivia,BOL,2005,Población,SP.POP.TOTL,personas,9360754.0
Bolivia,BOL,2006,Población,SP.POP.TOTL,personas,9521689.0
Bolivia,BOL,2007,Población,SP.POP.TOTL,personas,9685960.0
Bolivia,BOL,2008,Población,SP.POP.TOTL,personas,9850858.0
Bolivia,BOL,2009,Población,SP.POP.TOTL,personas,10016275.0
Bolivia,BOL,2010,Población,SP.POP.TOTL,personas,10182345.0
Bolivia,BOL,2011,Población,SP.POP.TOTL,personas,10348929.0
Bolivia,BOL,2012,Población,SP.POP.TOTL,personas,10515807.0
Bolivia,BOL,2013,Población,SP.POP.TOTL,personas,10682608.0
Bolivia,BOL,2014,Población,SP.POP.TOTL,personas,10848888.0
Bolivia,BOL,2015,Población,SP.POP.TOTL,personas,11014705.0
Bolivia,BOL,2016,Población,SP.POP.TOTL,personas,11180020.0
Bolivia,BOL,2017,Población,SP.POP.TOTL,personas,11344587.0
Bolivia,BOL,2018,Población,SP.POP.TOTL,personas,11508368.0
Bolivia,BOL,2019,Población,SP.POP.TOTL,personas,11671386.0
Bolivia,BOL,2020,Población,SP.POP.TOTL,personas,11816299.0
Bolivia,BOL,2021,Población,SP.POP.TOTL,personas,11937360.0
Bolivia,BOL,2022,Población,SP.POP.TOTL,personas,12077154.0
Bolivia,BOL,2023,Población,SP.POP.TOTL,personas,12244159.0
Bolivia,BOL,2024,Población,SP.POP.TOTL,personas,12413315.0
Bolivia,BOL,2025,Población,SP.POP.TOTL,personas,12581843.0
Brasil,BRA,2000,Población,SP.POP.TOTL,personas,174018282.0
Brasil,BRA,2001,Población,SP.POP.TOTL,personas,176301203.0
Brasil,BRA,2002,Población,SP.POP.TOTL,personas,178503484.0
Brasil,BRA,2003,Población,SP.POP.TOTL,personas,180622688.0
Brasil,BRA,2004,Población,SP.POP.TOTL,personas,182675143.0
Brasil,BRA,2005,Población,SP.POP.TOTL,personas,184688101.0
Brasil,BRA,2006,Población,SP.POP.TOTL,personas,186653106.0
Brasil,BRA,2007,Población,SP.POP.TOTL,personas,188552320.0
Brasil,BRA,2008,Población,SP.POP.TOTL,personas,190367302.0
Brasil,BRA,2009,Población,SP.POP.TOTL,personas,192079951.0
Brasil,BRA,2010,Población,SP.POP.TOTL,personas,193701929.0
Brasil,BRA,2011,Población,SP.POP.TOTL,personas,195284734.0
Brasil,BRA,2012,Población,SP.POP.TOTL,personas,196876111.0
Brasil,BRA,2013,Población,SP.POP.TOTL,personas,198478299.0
Brasil,BRA,2014,Población,SP.POP.TOTL,personas,200085127.0
Brasil,BRA,2015,Población,SP.POP.TOTL,personas,201675532.0
Brasil,BRA,2016,Población,SP.POP.TOTL,personas,203218114.0
Brasil,BRA,2017,Población,SP.POP.TOTL,personas,204703445.0
Brasil,BRA,2018,Población,SP.POP.TOTL,personas,206107261.0
Brasil,BRA,2019,Población,SP.POP.TOTL,personas,207455459.0
Brasil,BRA,2020,Población,SP.POP.TOTL,personas,208660842.0
Brasil,BRA,2021,Población,SP.POP.TOTL,personas,209550294.0
Brasil,BRA,2022,Población,SP.POP.TOTL,personas,210306415.0
Brasil,BRA,2023,Población,SP.POP.TOTL,personas,211140729.0
Brasil,BRA,2024,Población,SP.POP.TOTL,personas,211998573.0
Brasil,BRA,2025,Población,SP.POP.TOTL,personas,212812405.0
Chile,CHL,2000,Población,SP.POP.TOTL,personas,15503635.0
Chile,CHL,2001,Población,SP.POP.TOTL,personas,15683849.0
Chile,CHL,2002,Población,SP.POP.TOTL,personas,15857925.0
Chile,CHL,2003,Población,SP.POP.TOTL,personas,16024752.0
Chile,CHL,2004,Población,SP.POP.TOTL,personas,16187322.0
Chile,CHL,2005,Población,SP.POP.TOTL,personas,16348778.0
Chile,CHL,2006,Población,SP.POP.TOTL,personas,16509195.0
Chile,CHL,2007,Población,SP.POP.TOTL,personas,16671581.0
Chile,CHL,2008,Población,SP.POP.TOTL,personas,16838988.0
Chile,CHL,2009,Población,SP.POP.TOTL,personas,17009731.0
Chile,CHL,2010,Población,SP.POP.TOTL,personas,17181464.0
Chile,CHL,2011,Población,SP.POP.TOTL,personas,17351816.0
Chile,CHL,2012,Población,SP.POP.TOTL,personas,17519119.0
Chile,CHL,2013,Población,SP.POP.TOTL,personas,17687006.0
Chile,CHL,2014,Población,SP.POP.TOTL,personas,17864195.0
Chile,CHL,2015,Población,SP.POP.TOTL,personas,18047625.0
Chile,CHL,2016,Población,SP.POP.TOTL,personas,18267221.0
Chile,CHL,2017,Población,SP.POP.TOTL,personas,18558868.0
Chile,CHL,2018,Población,SP.POP.TOTL,personas,18893191.0
Chile,CHL,2019,Población,SP.POP.TOTL,personas,19197744.0
Chile,CHL,2020,Población,SP.POP.TOTL,personas,19370624.0
Chile,CHL,2021,Población,SP.POP.TOTL,personas,19456334.0
Chile,CHL,2022,Población,SP.POP.TOTL,personas,19553036.0
Chile,CHL,2023,Población,SP.POP.TOTL,personas,19658835.0
Chile,CHL,2024,Población,SP.POP.TOTL,personas,19764771.0
Chile,CHL,2025,Población,SP.POP.TOTL,personas,19859921.0
Colombia,COL,2000,Población,SP.POP.TOTL,personas,39089934.0
Colombia,COL,2001,Población,SP.POP.TOTL,personas,39709262.0
Colombia,COL,2002,Población,SP.POP.TOTL,personas,40324680.0
Colombia,COL,2003,Población,SP.POP.TOTL,personas,40937429.0
Colombia,COL,2004,Población,SP.POP.TOTL,personas,41543171.0
Colombia,COL,2005,Población,SP.POP.TOTL,personas,42128977.0
Colombia,COL,2006,Población,SP.POP.TOTL,personas,42691084.0
Colombia,COL,2007,Población,SP.POP.TOTL,personas,43235374.0
Colombia,COL,2008,Población,SP.POP.TOTL,personas,43758808.0
Colombia,COL,2009,Población,SP.POP.TOTL,personas,44271541.0
Colombia,COL,2010,Población,SP.POP.TOTL,personas,44777319.0
Colombia,COL,2011,Población,SP.POP.TOTL,personas,45259614.0
Colombia,COL,2012,Población,SP.POP.TOTL,personas,45715810.0
Colombia,COL,2013,Población,SP.POP.TOTL,personas,46151584.0
Colombia,COL,2014,Población,SP.POP.TOTL,personas,46565429.0
Colombia,COL,2015,Población,SP.POP.TOTL,personas,46969940.0
Colombia,COL,2016,Población,SP.POP.TOTL,personas,47437512.0
Colombia,COL,2017,Población,SP.POP.TOTL,personas,48131078.0
Colombia,COL,2018,Población,SP.POP.TOTL,personas,49024465.0
Colombia,COL,2019,Población,SP.POP.TOTL,personas,49907985.0
Colombia,COL,2020,Población,SP.POP.TOTL,personas,50629997.0
Colombia,COL,2021,Población,SP.POP.TOTL,personas,51188173.0
Colombia,COL,2022,Población,SP.POP.TOTL,personas,51737944.0
Colombia,COL,2023,Población,SP.POP.TOTL,personas,52321152.0
Colombia,COL,2024,Población,SP.POP.TOTL,personas,52886363.0
Colombia,COL,2025,Población,SP.POP.TOTL,personas,53425635.0
Ecuador,ECU,2000,Población,SP.POP.TOTL,personas,12689206.0
Ecuador,ECU,2001,Población,SP.POP.TOTL,personas,12910740.0
Ecuador,ECU,2002,Población,SP.POP.TOTL,personas,13138472.0
Ecuador,ECU,2003,Población,SP.POP.TOTL,personas,13372306.0
Ecuador,ECU,2004,Población,SP.POP.TOTL,personas,13608701.0
Ecuador,ECU,2005,Población,SP.POP.TOTL,personas,13846163.0
Ecuador,ECU,2006,Población,SP.POP.TOTL,personas,14086131.0
Ecuador,ECU,2007,Población,SP.POP.TOTL,personas,14328773.0
Ecuador,ECU,2008,Población,SP.POP.TOTL,personas,14575202.0
Ecuador,ECU,2009,Población,SP.POP.TOTL,personas,14825954.0
Ecuador,ECU,2010,Población,SP.POP.TOTL,personas,15076695.0
Ecuador,ECU,2011,Población,SP.POP.TOTL,personas,15326227.0
Ecuador,ECU,2012,Población,SP.POP.TOTL,personas,15572194.0
Ecuador,ECU,2013,Población,SP.POP.TOTL,personas,15807128.0
Ecuador,ECU,2014,Población,SP.POP.TOTL,personas,16035124.0
Ecuador,ECU,2015,Población,SP.POP.TOTL,personas,16266225.0
Ecuador,ECU,2016,Población,SP.POP.TOTL,personas,16505139.0
Ecuador,ECU,2017,Población,SP.POP.TOTL,personas,16759519.0
Ecuador,ECU,2018,Población,SP.POP.TOTL,personas,17049547.0
Ecuador,ECU,2019,Población,SP.POP.TOTL,personas,17340021.0
Ecuador,ECU,2020,Población,SP.POP.TOTL,personas,17546065.0
Ecuador,ECU,2021,Población,SP.POP.TOTL,personas,17682454.0
Ecuador,ECU,2022,Población,SP.POP.TOTL,personas,17823897.0
Ecuador,ECU,2023,Población,SP.POP.TOTL,personas,17980083.0
Ecuador,ECU,2024,Población,SP.POP.TOTL,personas,18135478.0
Ecuador,ECU,2025,Población,SP.POP.TOTL,personas,18289896.0
Guyana,GUY,2000,Población,SP.POP.TOTL,personas,764832.0
Guyana,GUY,2001,Población,SP.POP.TOTL,personas,764477.0
Guyana,GUY,2002,Población,SP.POP.TOTL,personas,763652.0
Guyana,GUY,2003,Población,SP.POP.TOTL,personas,763101.0
Guyana,GUY,2004,Población,SP.POP.TOTL,personas,762418.0
Guyana,GUY,2005,Población,SP.POP.TOTL,personas,760914.0
Guyana,GUY,2006,Población,SP.POP.TOTL,personas,758966.0
Guyana,GUY,2007,Población,SP.POP.TOTL,personas,756861.0
Guyana,GUY,2008,Población,SP.POP.TOTL,personas,754606.0
Guyana,GUY,2009,Población,SP.POP.TOTL,personas,752094.0
Guyana,GUY,2010,Población,SP.POP.TOTL,personas,749256.0
Guyana,GUY,2011,Población,SP.POP.TOTL,personas,746153.0
Guyana,GUY,2012,Población,SP.POP.TOTL,personas,746288.0
Guyana,GUY,2013,Población,SP.POP.TOTL,personas,750021.0
Guyana,GUY,2014,Población,SP.POP.TOTL,personas,754229.0
Guyana,GUY,2015,Población,SP.POP.TOTL,personas,758781.0
Guyana,GUY,2016,Población,SP.POP.TOTL,personas,763548.0
Guyana,GUY,2017,Población,SP.POP.TOTL,personas,768479.0
Guyana,GUY,2018,Población,SP.POP.TOTL,personas,791556.0
Guyana,GUY,2019,Población,SP.POP.TOTL,personas,807665.0
Guyana,GUY,2020,Población,SP.POP.TOTL,personas,807481.0
Guyana,GUY,2021,Población,SP.POP.TOTL,personas,815482.0
Guyana,GUY,2022,Población,SP.POP.TOTL,personas,821637.0
Guyana,GUY,2023,Población,SP.POP.TOTL,personas,826353.0
Guyana,GUY,2024,Población,SP.POP.TOTL,personas,831087.0
Guyana,GUY,2025,Población,SP.POP.TOTL,personas,835986.0
Paraguay,PRY,2000,Población,SP.POP.TOTL,personas,5100868.0
Paraguay,PRY,2001,Población,SP.POP.TOTL,personas,5187689.0
Paraguay,PRY,2002,Población,SP.POP.TOTL,personas,5261328.0
Paraguay,PRY,2003,Población,SP.POP.TOTL,personas,5326436.0
Paraguay,PRY,2004,Población,SP.POP.TOTL,personas,5388175.0
Paraguay,PRY,2005,Población,SP.POP.TOTL,personas,5448097.0
Paraguay,PRY,2006,Población,SP.POP.TOTL,personas,5505148.0
Paraguay,PRY,2007,Población,SP.POP.TOTL,personas,5559386.0
Paraguay,PRY,2008,Población,SP.POP.TOTL,personas,5613574.0
Paraguay,PRY,2009,Población,SP.POP.TOTL,personas,5671236.0
Paraguay,PRY,2010,Población,SP.POP.TOTL,personas,5737971.0
Paraguay,PRY,2011,Población,SP.POP.TOTL,personas,5814626.0
Paraguay,PRY,2012,Población,SP.POP.TOTL,personas,5897008.0
Paraguay,PRY,2013,Población,SP.POP.TOTL,personas,5982445.0
Paraguay,PRY,2014,Población,SP.POP.TOTL,personas,6069811.0
Paraguay,PRY,2015,Población,SP.POP.TOTL,personas,6159103.0
Paraguay,PRY,2016,Población,SP.POP.TOTL,personas,6249126.0
Paraguay,PRY,2017,Población,SP.POP.TOTL,personas,6338660.0
Paraguay,PRY,2018,Población,SP.POP.TOTL,personas,6427382.0
Paraguay,PRY,2019,Población,SP.POP.TOTL,personas,6515058.0
Paraguay,PRY,2020,Población,SP.POP.TOTL,personas,6603739.0
Paraguay,PRY,2021,Población,SP.POP.TOTL,personas,6684182.0
Paraguay,PRY,2022,Población,SP.POP.TOTL,personas,6760464.0
Paraguay,PRY,2023,Población,SP.POP.TOTL,personas,6844146.0
Paraguay,PRY,2024,Población,SP.POP.TOTL,personas,6929153.0
Paraguay,PRY,2025,Población,SP.POP.TOTL,personas,7013078.0
Perú,PER,2000,Población,SP.POP.TOTL,personas,26598331.0
Perú,PER,2001,Población,SP.POP.TOTL,personas,26964601.0
Perú,PER,2002,Población,SP.POP.TOTL,personas,27288217.0
Perú,PER,2003,Población,SP.POP.TOTL,personas,27580490.0
Perú,PER,2004,Población,SP.POP.TOTL,personas,27852190.0
Perú,PER,2005,Población,SP.POP.TOTL,personas,28101180.0
Perú,PER,2006,Población,SP.POP.TOTL,personas,28324491.0
Perú,PER,2007,Población,SP.POP.TOTL,personas,28530699.0
Perú,PER,2008,Población,SP.POP.TOTL,personas,28719041.0
Perú,PER,2009,Población,SP.POP.TOTL,personas,28896811.0
Perú,PER,2010,Población,SP.POP.TOTL,personas,29086019.0
Perú,PER,2011,Población,SP.POP.TOTL,personas,29304086.0
Perú,PER,2012,Población,SP.POP.TOTL,personas,29550366.0
Perú,PER,2013,Población,SP.POP.TOTL,personas,29817919.0
Perú,PER,2014,Población,SP.POP.TOTL,personas,30115826.0
Perú,PER,2015,Población,SP.POP.TOTL,personas,30457600.0
Perú,PER,2016,Población,SP.POP.TOTL,personas,30866494.0
Perú,PER,2017,Población,SP.POP.TOTL,personas,31324637.0
Perú,PER,2018,Población,SP.POP.TOTL,personas,31897584.0
Perú,PER,2019,Población,SP.POP.TOTL,personas,32449303.0
Perú,PER,2020,Población,SP.POP.TOTL,personas,32838579.0
Perú,PER,2021,Población,SP.POP.TOTL,personas,33155882.0
Perú,PER,2022,Población,SP.POP.TOTL,personas,33475438.0
Perú,PER,2023,Población,SP.POP.TOTL,personas,33845617.0
Perú,PER,2024,Población,SP.POP.TOTL,personas,34217848.0
Perú,PER,2025,Población,SP.POP.TOTL,personas,34576665.0
Surinam,SUR,2000,Población,SP.POP.TOTL,personas,476643.0
Surinam,SUR,2001,Población,SP.POP.TOTL,personas,486560.0
Surinam,SUR,2002,Población,SP.POP.TOTL,personas,496551.0
Surinam,SUR,2003,Población,SP.POP.TOTL,personas,506414.0
Surinam,SUR,2004,Población,SP.POP.TOTL,personas,513923.0
Surinam,SUR,2005,Población,SP.POP.TOTL,personas,519313.0
Surinam,SUR,2006,Población,SP.POP.TOTL,personas,524997.0
Surinam,SUR,2007,Población,SP.POP.TOTL,personas,531016.0
Surinam,SUR,2008,Población,SP.POP.TOTL,personas,537245.0
Surinam,SUR,2009,Población,SP.POP.TOTL,personas,543568.0
Surinam,SUR,2010,Población,SP.POP.TOTL,personas,549923.0
Surinam,SUR,2011,Población,SP.POP.TOTL,personas,556269.0
Surinam,SUR,2012,Población,SP.POP.TOTL,personas,562633.0
Surinam,SUR,2013,Población,SP.POP.TOTL,personas,569020.0
Surinam,SUR,2014,Población,SP.POP.TOTL,personas,575373.0
Surinam,SUR,2015,Población,SP.POP.TOTL,personas,581627.0
Surinam,SUR,2016,Población,SP.POP.TOTL,personas,587757.0
Surinam,SUR,2017,Población,SP.POP.TOTL,personas,593713.0
Surinam,SUR,2018,Población,SP.POP.TOTL,personas,599513.0
Surinam,SUR,2019,Población,SP.POP.TOTL,personas,605768.0
Surinam,SUR,2020,Población,SP.POP.TOTL,personas,612317.0
Surinam,SUR,2021,Población,SP.POP.TOTL,personas,617896.0
Surinam,SUR,2022,Población,SP.POP.TOTL,personas,623164.0
Surinam,SUR,2023,Población,SP.POP.TOTL,personas,628886.0
Surinam,SUR,2024,Población,SP.POP.TOTL,personas,634431.0
Surinam,SUR,2025,Población,SP.POP.TOTL,personas,639850.0
Uruguay,URY,2000,Población,SP.POP.TOTL,personas,3266206.0
Uruguay,URY,2001,Población,SP.POP.TOTL,personas,3274251.0
Uruguay,URY,2002,Población,SP.POP.TOTL,personas,3278867.0
Uruguay,URY,2003,Población,SP.POP.TOTL,personas,3281186.0
Uruguay,URY,2004,Población,SP.POP.TOTL,personas,3283148.0
Uruguay,URY,2005,Población,SP.POP.TOTL,personas,3285771.0
Uruguay,URY,2006,Población,SP.POP.TOTL,personas,3289506.0
Uruguay,URY,2007,Población,SP.POP.TOTL,personas,3295153.0
Uruguay,URY,2008,Población,SP.POP.TOTL,personas,3302177.0
Uruguay,URY,2009,Población,SP.POP.TOTL,personas,3310091.0
Uruguay,URY,2010,Población,SP.POP.TOTL,personas,3318580.0
Uruguay,URY,2011,Población,SP.POP.TOTL,personas,3326825.0
Uruguay,URY,2012,Población,SP.POP.TOTL,personas,3335401.0
Uruguay,URY,2013,Población,SP.POP.TOTL,personas,3345337.0
Uruguay,URY,2014,Población,SP.POP.TOTL,personas,3356334.0
Uruguay,URY,2015,Población,SP.POP.TOTL,personas,3368017.0
Uruguay,URY,2016,Población,SP.POP.TOTL,personas,3379283.0
Uruguay,URY,2017,Población,SP.POP.TOTL,personas,3388438.0
Uruguay,URY,2018,Población,SP.POP.TOTL,personas,3394534.0
Uruguay,URY,2019,Población,SP.POP.TOTL,personas,3397206.0
Uruguay,URY,2020,Población,SP.POP.TOTL,personas,3398968.0
Uruguay,URY,2021,Población,SP.POP.TOTL,personas,3396695.0
Uruguay,URY,2022,Población,SP.POP.TOTL,personas,3390913.0
Uruguay,URY,2023,Población,SP.POP.TOTL,personas,3388081.0
Uruguay,URY,2024,Población,SP.POP.TOTL,personas,3386588.0
Uruguay,URY,2025,Población,SP.POP.TOTL,personas,3384688.0
Venezuela,VEN,2000,Población,SP.POP.TOTL,personas,24526708.0
Venezuela,VEN,2001,Población,SP.POP.TOTL,personas,24979922.0
Venezuela,VEN,2002,Población,SP.POP.TOTL,personas,25435671.0
Venezuela,VEN,2003,Población,SP.POP.TOTL,personas,25892703.0
Venezuela,VEN,2004,Población,SP.POP.TOTL,personas,26340838.0
Venezuela,VEN,2005,Población,SP.POP.TOTL,personas,26785804.0
Venezuela,VEN,2006,Población,SP.POP.TOTL,personas,27224686.0
Venezuela,VEN,2007,Población,SP.POP.TOTL,personas,27649363.0
Venezuela,VEN,2008,Población,SP.POP.TOTL,personas,28053696.0
Venezuela,VEN,2009,Población,SP.POP.TOTL,personas,28438298.0
Venezuela,VEN,2010,Población,SP.POP.TOTL,personas,28813101.0
Venezuela,VEN,2011,Población,SP.POP.TOTL,personas,29185212.0
Venezuela,VEN,2012,Población,SP.POP.TOTL,personas,29553826.0
Venezuela,VEN,2013,Población,SP.POP.TOTL,personas,29912198.0
Venezuela,VEN,2014,Población,SP.POP.TOTL,personas,30254079.0
Venezuela,VEN,2015,Población,SP.POP.TOTL,personas,30573972.0
Venezuela,VEN,2016,Población,SP.POP.TOTL,personas,30765720.0
Venezuela,VEN,2017,Población,SP.POP.TOTL,personas,30565323.0
Venezuela,VEN,2018,Población,SP.POP.TOTL,personas,29807592.0
Venezuela,VEN,2019,Población,SP.POP.TOTL,personas,28938098.0
Venezuela,VEN,2020,Población,SP.POP.TOTL,personas,28444077.0
Venezuela,VEN,2021,Población,SP.POP.TOTL,personas,28237826.0
Venezuela,VEN,2022,Población,SP.POP.TOTL,personas,28213017.0
Venezuela,VEN,2023,Población,SP.POP.TOTL,personas,28300854.0
Venezuela,VEN,2024,Población,SP.POP.TOTL,personas,28405543.0
Venezuela,VEN,2025,Población,SP.POP.TOTL,personas,28516896.0
Argentina,ARG,2000,Uso de Internet,IT.NET.USER.ZS,% de la población,7.0386830862178
Argentina,ARG,2001,Uso de Internet,IT.NET.USER.ZS,% de la población,9.78080728532407
Argentina,ARG,2002,Uso de Internet,IT.NET.USER.ZS,% de la población,10.8821243775325
Argentina,ARG,2003,Uso de Internet,IT.NET.USER.ZS,% de la población,11.9136965509954
Argentina,ARG,2004,Uso de Internet,IT.NET.USER.ZS,% de la población,16.0366841054923
Argentina,ARG,2005,Uso de Internet,IT.NET.USER.ZS,% de la población,17.7205833696065
Argentina,ARG,2006,Uso de Internet,IT.NET.USER.ZS,% de la población,20.9272021035896
Argentina,ARG,2007,Uso de Internet,IT.NET.USER.ZS,% de la población,25.9466329403819
Argentina,ARG,2008,Uso de Internet,IT.NET.USER.ZS,% de la población,28.1126234799907
Argentina,ARG,2009,Uso de Internet,IT.NET.USER.ZS,% de la población,34.0
Argentina,ARG,2010,Uso de Internet,IT.NET.USER.ZS,% de la población,45.0
Argentina,ARG,2011,Uso de Internet,IT.NET.USER.ZS,% de la población,51.0
Argentina,ARG,2012,Uso de Internet,IT.NET.USER.ZS,% de la población,55.79999924
Argentina,ARG,2013,Uso de Internet,IT.NET.USER.ZS,% de la población,59.90000153
Argentina,ARG,2014,Uso de Internet,IT.NET.USER.ZS,% de la población,64.69999695
Argentina,ARG,2015,Uso de Internet,IT.NET.USER.ZS,% de la población,68.0430641088122
Argentina,ARG,2016,Uso de Internet,IT.NET.USER.ZS,% de la población,70.9689808206024
Argentina,ARG,2017,Uso de Internet,IT.NET.USER.ZS,% de la población,74.2949068657957
Argentina,ARG,2018,Uso de Internet,IT.NET.USER.ZS,% de la población,77.7
Argentina,ARG,2019,Uso de Internet,IT.NET.USER.ZS,% de la población,79.9469520347551
Argentina,ARG,2020,Uso de Internet,IT.NET.USER.ZS,% de la población,85.51438646
Argentina,ARG,2021,Uso de Internet,IT.NET.USER.ZS,% de la población,87.15070683
Argentina,ARG,2022,Uso de Internet,IT.NET.USER.ZS,% de la población,88.37535691
Argentina,ARG,2023,Uso de Internet,IT.NET.USER.ZS,% de la población,89.22897166
Argentina,ARG,2024,Uso de Internet,IT.NET.USER.ZS,% de la población,89.66715228
Bolivia,BOL,2000,Uso de Internet,IT.NET.USER.ZS,% de la población,1.4427635847914
Bolivia,BOL,2001,Uso de Internet,IT.NET.USER.ZS,% de la población,2.1204625341365
Bolivia,BOL,2002,Uso de Internet,IT.NET.USER.ZS,% de la población,3.11719294696997
Bolivia,BOL,2003,Uso de Internet,IT.NET.USER.ZS,% de la población,3.50859640072336
Bolivia,BOL,2004,Uso de Internet,IT.NET.USER.ZS,% de la población,4.43992460120042
Bolivia,BOL,2005,Uso de Internet,IT.NET.USER.ZS,% de la población,5.22758395663196
Bolivia,BOL,2006,Uso de Internet,IT.NET.USER.ZS,% de la población,6.20067125473576
Bolivia,BOL,2007,Uso de Internet,IT.NET.USER.ZS,% de la población,10.49919987
Bolivia,BOL,2008,Uso de Internet,IT.NET.USER.ZS,% de la población,12.5
Bolivia,BOL,2009,Uso de Internet,IT.NET.USER.ZS,% de la población,16.79999924
Bolivia,BOL,2010,Uso de Internet,IT.NET.USER.ZS,% de la población,22.39999962
Bolivia,BOL,2011,Uso de Internet,IT.NET.USER.ZS,% de la población,30.0
Bolivia,BOL,2012,Uso de Internet,IT.NET.USER.ZS,% de la población,35.34
Bolivia,BOL,2013,Uso de Internet,IT.NET.USER.ZS,% de la población,36.99
Bolivia,BOL,2014,Uso de Internet,IT.NET.USER.ZS,% de la población,34.6016202324676
Bolivia,BOL,2015,Uso de Internet,IT.NET.USER.ZS,% de la población,37.4868176324391
Bolivia,BOL,2016,Uso de Internet,IT.NET.USER.ZS,% de la población,39.69749832
Bolivia,BOL,2017,Uso de Internet,IT.NET.USER.ZS,% de la población,43.83229828
Bolivia,BOL,2018,Uso de Internet,IT.NET.USER.ZS,% de la población,44.2861422024283
Bolivia,BOL,2019,Uso de Internet,IT.NET.USER.ZS,% de la población,47.4748191121692
Bolivia,BOL,2020,Uso de Internet,IT.NET.USER.ZS,% de la población,59.94010155
Bolivia,BOL,2021,Uso de Internet,IT.NET.USER.ZS,% de la población,65.9773785
Bolivia,BOL,2022,Uso de Internet,IT.NET.USER.ZS,% de la población,72.62270355
Bolivia,BOL,2023,Uso de Internet,IT.NET.USER.ZS,% de la población,77.30039978
Bolivia,BOL,2024,Uso de Internet,IT.NET.USER.ZS,% de la población,79.70469666
Brasil,BRA,2000,Uso de Internet,IT.NET.USER.ZS,% de la población,2.87068515854108
Brasil,BRA,2001,Uso de Internet,IT.NET.USER.ZS,% de la población,4.52849486902851
Brasil,BRA,2002,Uso de Internet,IT.NET.USER.ZS,% de la población,9.14942508560748
Brasil,BRA,2003,Uso de Internet,IT.NET.USER.ZS,% de la población,13.2075861035303
Brasil,BRA,2004,Uso de Internet,IT.NET.USER.ZS,% de la población,19.073672274442
Brasil,BRA,2005,Uso de Internet,IT.NET.USER.ZS,% de la población,21.022747248827
Brasil,BRA,2006,Uso de Internet,IT.NET.USER.ZS,% de la población,28.17840004
Brasil,BRA,2007,Uso de Internet,IT.NET.USER.ZS,% de la población,30.87999916
Brasil,BRA,2008,Uso de Internet,IT.NET.USER.ZS,% de la población,33.83
Brasil,BRA,2009,Uso de Internet,IT.NET.USER.ZS,% de la población,39.22
Brasil,BRA,2010,Uso de Internet,IT.NET.USER.ZS,% de la población,40.65
Brasil,BRA,2011,Uso de Internet,IT.NET.USER.ZS,% de la población,45.69
Brasil,BRA,2012,Uso de Internet,IT.NET.USER.ZS,% de la población,48.56
Brasil,BRA,2013,Uso de Internet,IT.NET.USER.ZS,% de la población,51.04
Brasil,BRA,2014,Uso de Internet,IT.NET.USER.ZS,% de la población,54.5510018796392
Brasil,BRA,2015,Uso de Internet,IT.NET.USER.ZS,% de la población,58.3279517340924
Brasil,BRA,2016,Uso de Internet,IT.NET.USER.ZS,% de la población,60.8725400681261
Brasil,BRA,2017,Uso de Internet,IT.NET.USER.ZS,% de la población,67.4712845236305
Brasil,BRA,2018,Uso de Internet,IT.NET.USER.ZS,% de la población,70.4342825404361
Brasil,BRA,2019,Uso de Internet,IT.NET.USER.ZS,% de la población,73.9124399133589
Brasil,BRA,2020,Uso de Internet,IT.NET.USER.ZS,% de la población,81.34269353
Brasil,BRA,2021,Uso de Internet,IT.NET.USER.ZS,% de la población,80.68989314
Brasil,BRA,2022,Uso de Internet,IT.NET.USER.ZS,% de la población,80.52775094
Brasil,BRA,2023,Uso de Internet,IT.NET.USER.ZS,% de la población,84.15060238
Brasil,BRA,2024,Uso de Internet,IT.NET.USER.ZS,% de la población,84.46347227
Chile,CHL,2000,Uso de Internet,IT.NET.USER.ZS,% de la población,16.6
Chile,CHL,2001,Uso de Internet,IT.NET.USER.ZS,% de la población,19.1
Chile,CHL,2002,Uso de Internet,IT.NET.USER.ZS,% de la población,22.1
Chile,CHL,2003,Uso de Internet,IT.NET.USER.ZS,% de la población,25.4737788864723
Chile,CHL,2004,Uso de Internet,IT.NET.USER.ZS,% de la población,28.1779101232438
Chile,CHL,2005,Uso de Internet,IT.NET.USER.ZS,% de la población,31.1753006
Chile,CHL,2006,Uso de Internet,IT.NET.USER.ZS,% de la población,34.4977511736017
Chile,CHL,2007,Uso de Internet,IT.NET.USER.ZS,% de la población,35.90000153
Chile,CHL,2008,Uso de Internet,IT.NET.USER.ZS,% de la población,37.29999924
Chile,CHL,2009,Uso de Internet,IT.NET.USER.ZS,% de la población,41.56
Chile,CHL,2010,Uso de Internet,IT.NET.USER.ZS,% de la población,45.0
Chile,CHL,2011,Uso de Internet,IT.NET.USER.ZS,% de la población,52.2496072877744
Chile,CHL,2012,Uso de Internet,IT.NET.USER.ZS,% de la población,55.04999924
Chile,CHL,2013,Uso de Internet,IT.NET.USER.ZS,% de la población,58.0
Chile,CHL,2014,Uso de Internet,IT.NET.USER.ZS,% de la población,61.11000061
Chile,CHL,2015,Uso de Internet,IT.NET.USER.ZS,% de la población,76.6295919508796
Chile,CHL,2016,Uso de Internet,IT.NET.USER.ZS,% de la población,83.5585860244169
Chile,CHL,2017,Uso de Internet,IT.NET.USER.ZS,% de la población,82.3274869338464
Chile,CHL,2018,Uso de Internet,IT.NET.USER.ZS,% de la población,84.90000153
Chile,CHL,2019,Uso de Internet,IT.NET.USER.ZS,% de la población,85.01760101
Chile,CHL,2020,Uso de Internet,IT.NET.USER.ZS,% de la población,87.45929718
Chile,CHL,2021,Uso de Internet,IT.NET.USER.ZS,% de la población,90.23280334
Chile,CHL,2022,Uso de Internet,IT.NET.USER.ZS,% de la población,92.31819916
Chile,CHL,2023,Uso de Internet,IT.NET.USER.ZS,% de la población,94.45742345
Chile,CHL,2024,Uso de Internet,IT.NET.USER.ZS,% de la población,95.590243
Colombia,COL,2000,Uso de Internet,IT.NET.USER.ZS,% de la población,2.207532992624
Colombia,COL,2001,Uso de Internet,IT.NET.USER.ZS,% de la población,2.85419997133433
Colombia,COL,2002,Uso de Internet,IT.NET.USER.ZS,% de la población,4.6
Colombia,COL,2003,Uso de Internet,IT.NET.USER.ZS,% de la población,7.38892371052557
Colombia,COL,2004,Uso de Internet,IT.NET.USER.ZS,% de la población,9.1186903029666
Colombia,COL,2005,Uso de Internet,IT.NET.USER.ZS,% de la población,11.0072638904585
Colombia,COL,2006,Uso de Internet,IT.NET.USER.ZS,% de la población,15.3416745365682
Colombia,COL,2007,Uso de Internet,IT.NET.USER.ZS,% de la población,21.79999924
Colombia,COL,2008,Uso de Internet,IT.NET.USER.ZS,% de la población,25.6
Colombia,COL,2009,Uso de Internet,IT.NET.USER.ZS,% de la población,30.0
Colombia,COL,2010,Uso de Internet,IT.NET.USER.ZS,% de la población,36.5
Colombia,COL,2011,Uso de Internet,IT.NET.USER.ZS,% de la población,40.3509157546318
Colombia,COL,2012,Uso de Internet,IT.NET.USER.ZS,% de la población,48.98
Colombia,COL,2013,Uso de Internet,IT.NET.USER.ZS,% de la población,51.7
Colombia,COL,2014,Uso de Internet,IT.NET.USER.ZS,% de la población,52.568136539247
Colombia,COL,2015,Uso de Internet,IT.NET.USER.ZS,% de la población,55.9049725142924
Colombia,COL,2016,Uso de Internet,IT.NET.USER.ZS,% de la población,58.1364935728703
Colombia,COL,2017,Uso de Internet,IT.NET.USER.ZS,% de la población,62.2598803162841
Colombia,COL,2018,Uso de Internet,IT.NET.USER.ZS,% de la población,64.1263768204459
Colombia,COL,2019,Uso de Internet,IT.NET.USER.ZS,% de la población,65.0069007159493
Colombia,COL,2020,Uso de Internet,IT.NET.USER.ZS,% de la población,69.79533474
Colombia,COL,2021,Uso de Internet,IT.NET.USER.ZS,% de la población,73.02837449
Colombia,COL,2022,Uso de Internet,IT.NET.USER.ZS,% de la población,72.79637855
Colombia,COL,2023,Uso de Internet,IT.NET.USER.ZS,% de la población,77.33686322
Colombia,COL,2024,Uso de Internet,IT.NET.USER.ZS,% de la población,79.34543299
Ecuador,ECU,2000,Uso de Internet,IT.NET.USER.ZS,% de la población,1.46218853556457
Ecuador,ECU,2001,Uso de Internet,IT.NET.USER.ZS,% de la población,2.67044367376705
Ecuador,ECU,2002,Uso de Internet,IT.NET.USER.ZS,% de la población,4.26079691519764
Ecuador,ECU,2003,Uso de Internet,IT.NET.USER.ZS,% de la población,4.46022834472698
Ecuador,ECU,2004,Uso de Internet,IT.NET.USER.ZS,% de la población,4.83444263759525
Ecuador,ECU,2005,Uso de Internet,IT.NET.USER.ZS,% de la población,5.994299889
Ecuador,ECU,2006,Uso de Internet,IT.NET.USER.ZS,% de la población,7.199999809
Ecuador,ECU,2007,Uso de Internet,IT.NET.USER.ZS,% de la población,10.80000019
Ecuador,ECU,2008,Uso de Internet,IT.NET.USER.ZS,% de la población,18.8
Ecuador,ECU,2009,Uso de Internet,IT.NET.USER.ZS,% de la población,24.6
Ecuador,ECU,2010,Uso de Internet,IT.NET.USER.ZS,% de la población,29.03
Ecuador,ECU,2011,Uso de Internet,IT.NET.USER.ZS,% de la población,31.3668083587433
Ecuador,ECU,2012,Uso de Internet,IT.NET.USER.ZS,% de la población,35.1351464545516
Ecuador,ECU,2013,Uso de Internet,IT.NET.USER.ZS,% de la población,40.279121941
Ecuador,ECU,2014,Uso de Internet,IT.NET.USER.ZS,% de la población,45.5903906666095
Ecuador,ECU,2015,Uso de Internet,IT.NET.USER.ZS,% de la población,48.9404337892669
Ecuador,ECU,2016,Uso de Internet,IT.NET.USER.ZS,% de la población,54.0629247288864
Ecuador,ECU,2017,Uso de Internet,IT.NET.USER.ZS,% de la población,55.79999924
Ecuador,ECU,2018,Uso de Internet,IT.NET.USER.ZS,% de la población,57.5
Ecuador,ECU,2019,Uso de Internet,IT.NET.USER.ZS,% de la población,59.2
Ecuador,ECU,2020,Uso de Internet,IT.NET.USER.ZS,% de la población,70.7
Ecuador,ECU,2021,Uso de Internet,IT.NET.USER.ZS,% de la población,69.1147995
Ecuador,ECU,2022,Uso de Internet,IT.NET.USER.ZS,% de la población,69.71811356
Ecuador,ECU,2023,Uso de Internet,IT.NET.USER.ZS,% de la población,72.6943146
Ecuador,ECU,2024,Uso de Internet,IT.NET.USER.ZS,% de la población,77.17273115
Guyana,GUY,2000,Uso de Internet,IT.NET.USER.ZS,% de la población,0.6
Guyana,GUY,2001,Uso de Internet,IT.NET.USER.ZS,% de la población,1.0
Guyana,GUY,2002,Uso de Internet,IT.NET.USER.ZS,% de la población,1.5
Guyana,GUY,2003,Uso de Internet,IT.NET.USER.ZS,% de la población,2.4
Guyana,GUY,2004,Uso de Internet,IT.NET.USER.ZS,% de la población,3.7
Guyana,GUY,2005,Uso de Internet,IT.NET.USER.ZS,% de la población,5.699999809
Guyana,GUY,2006,Uso de Internet,IT.NET.USER.ZS,% de la población,8.899999619
Guyana,GUY,2007,Uso de Internet,IT.NET.USER.ZS,% de la población,13.80000019
Guyana,GUY,2008,Uso de Internet,IT.NET.USER.ZS,% de la población,18.2
Guyana,GUY,2009,Uso de Internet,IT.NET.USER.ZS,% de la población,23.9
Guyana,GUY,2010,Uso de Internet,IT.NET.USER.ZS,% de la población,29.9
Guyana,GUY,2011,Uso de Internet,IT.NET.USER.ZS,% de la población,30.0
Guyana,GUY,2012,Uso de Internet,IT.NET.USER.ZS,% de la población,30.5
Guyana,GUY,2013,Uso de Internet,IT.NET.USER.ZS,% de la población,31.0
Guyana,GUY,2014,Uso de Internet,IT.NET.USER.ZS,% de la población,32.0
Guyana,GUY,2015,Uso de Internet,IT.NET.USER.ZS,% de la población,34.0
Guyana,GUY,2016,Uso de Internet,IT.NET.USER.ZS,% de la población,35.65999985
Guyana,GUY,2017,Uso de Internet,IT.NET.USER.ZS,% de la población,42.6753006
Guyana,GUY,2018,Uso de Internet,IT.NET.USER.ZS,% de la población,48.59889984
Guyana,GUY,2019,Uso de Internet,IT.NET.USER.ZS,% de la población,55.31269836
Guyana,GUY,2020,Uso de Internet,IT.NET.USER.ZS,% de la población,62.95399857
Guyana,GUY,2021,Uso de Internet,IT.NET.USER.ZS,% de la población,71.65090179
Guyana,GUY,2022,Uso de Internet,IT.NET.USER.ZS,% de la población,76.56240082
Guyana,GUY,2023,Uso de Internet,IT.NET.USER.ZS,% de la población,79.3553009
Guyana,GUY,2024,Uso de Internet,IT.NET.USER.ZS,% de la población,83.00080109
Paraguay,PRY,2000,Uso de Internet,IT.NET.USER.ZS,% de la población,0.747630711548184
Paraguay,PRY,2001,Uso de Internet,IT.NET.USER.ZS,% de la población,1.09879383569333
Paraguay,PRY,2002,Uso de Internet,IT.NET.USER.ZS,% de la población,1.79496959770244
Paraguay,PRY,2003,Uso de Internet,IT.NET.USER.ZS,% de la población,2.11194208210034
Paraguay,PRY,2004,Uso de Internet,IT.NET.USER.ZS,% de la población,3.45243843137079
Paraguay,PRY,2005,Uso de Internet,IT.NET.USER.ZS,% de la población,7.90700786141285
Paraguay,PRY,2006,Uso de Internet,IT.NET.USER.ZS,% de la población,7.962100029
Paraguay,PRY,2007,Uso de Internet,IT.NET.USER.ZS,% de la población,11.21
Paraguay,PRY,2008,Uso de Internet,IT.NET.USER.ZS,% de la población,14.27
Paraguay,PRY,2009,Uso de Internet,IT.NET.USER.ZS,% de la población,18.9
Paraguay,PRY,2010,Uso de Internet,IT.NET.USER.ZS,% de la población,19.8
Paraguay,PRY,2011,Uso de Internet,IT.NET.USER.ZS,% de la población,24.7635158793993
Paraguay,PRY,2012,Uso de Internet,IT.NET.USER.ZS,% de la población,29.34
Paraguay,PRY,2013,Uso de Internet,IT.NET.USER.ZS,% de la población,36.9
Paraguay,PRY,2014,Uso de Internet,IT.NET.USER.ZS,% de la población,43.0073750122614
Paraguay,PRY,2015,Uso de Internet,IT.NET.USER.ZS,% de la población,49.716304663966
Paraguay,PRY,2016,Uso de Internet,IT.NET.USER.ZS,% de la población,53.4041274791009
Paraguay,PRY,2017,Uso de Internet,IT.NET.USER.ZS,% de la población,61.0757562215797
Paraguay,PRY,2018,Uso de Internet,IT.NET.USER.ZS,% de la población,64.9935430235756
Paraguay,PRY,2019,Uso de Internet,IT.NET.USER.ZS,% de la población,68.5176284222264
Paraguay,PRY,2020,Uso de Internet,IT.NET.USER.ZS,% de la población,73.95751114
Paraguay,PRY,2021,Uso de Internet,IT.NET.USER.ZS,% de la población,77.01838621
Paraguay,PRY,2022,Uso de Internet,IT.NET.USER.ZS,% de la población,76.25916611
Paraguay,PRY,2023,Uso de Internet,IT.NET.USER.ZS,% de la población,78.09481878
Paraguay,PRY,2024,Uso de Internet,IT.NET.USER.ZS,% de la población,81.57806793
Perú,PER,2000,Uso de Internet,IT.NET.USER.ZS,% de la población,3.07643061137675
Perú,PER,2001,Uso de Internet,IT.NET.USER.ZS,% de la población,7.57876295717419
Perú,PER,2002,Uso de Internet,IT.NET.USER.ZS,% de la población,8.96694917040028
Perú,PER,2003,Uso de Internet,IT.NET.USER.ZS,% de la población,11.6
Perú,PER,2004,Uso de Internet,IT.NET.USER.ZS,% de la población,14.1
Perú,PER,2005,Uso de Internet,IT.NET.USER.ZS,% de la población,17.10000038
Perú,PER,2006,Uso de Internet,IT.NET.USER.ZS,% de la población,20.70000076
Perú,PER,2007,Uso de Internet,IT.NET.USER.ZS,% de la población,25.20000076
Perú,PER,2008,Uso de Internet,IT.NET.USER.ZS,% de la población,30.57
Perú,PER,2009,Uso de Internet,IT.NET.USER.ZS,% de la población,31.4
Perú,PER,2010,Uso de Internet,IT.NET.USER.ZS,% de la población,34.77
Perú,PER,2011,Uso de Internet,IT.NET.USER.ZS,% de la población,36.01
Perú,PER,2012,Uso de Internet,IT.NET.USER.ZS,% de la población,38.2
Perú,PER,2013,Uso de Internet,IT.NET.USER.ZS,% de la población,39.2
Perú,PER,2014,Uso de Internet,IT.NET.USER.ZS,% de la población,40.2446560091704
Perú,PER,2015,Uso de Internet,IT.NET.USER.ZS,% de la población,40.8526009090468
Perú,PER,2016,Uso de Internet,IT.NET.USER.ZS,% de la población,45.4617406869459
Perú,PER,2017,Uso de Internet,IT.NET.USER.ZS,% de la población,50.4504121848143
Perú,PER,2018,Uso de Internet,IT.NET.USER.ZS,% de la población,55.0543342443197
Perú,PER,2019,Uso de Internet,IT.NET.USER.ZS,% de la población,59.9505036049006
Perú,PER,2020,Uso de Internet,IT.NET.USER.ZS,% de la población,65.25179796
Perú,PER,2021,Uso de Internet,IT.NET.USER.ZS,% de la población,71.10782643
Perú,PER,2022,Uso de Internet,IT.NET.USER.ZS,% de la población,74.67495213
Perú,PER,2023,Uso de Internet,IT.NET.USER.ZS,% de la población,79.48484477
Perú,PER,2024,Uso de Internet,IT.NET.USER.ZS,% de la población,81.95705992
Surinam,SUR,2000,Uso de Internet,IT.NET.USER.ZS,% de la población,2.50641105226881
Surinam,SUR,2001,Uso de Internet,IT.NET.USER.ZS,% de la población,3.06444838873752
Surinam,SUR,2002,Uso de Internet,IT.NET.USER.ZS,% de la población,4.1615687449541
Surinam,SUR,2003,Uso de Internet,IT.NET.USER.ZS,% de la población,4.71987539528956
Surinam,SUR,2004,Uso de Internet,IT.NET.USER.ZS,% de la población,6.0760478144456
Surinam,SUR,2005,Uso de Internet,IT.NET.USER.ZS,% de la población,6.40308628759062
Surinam,SUR,2006,Uso de Internet,IT.NET.USER.ZS,% de la población,9.49960041
Surinam,SUR,2007,Uso de Internet,IT.NET.USER.ZS,% de la población,14.11
Surinam,SUR,2008,Uso de Internet,IT.NET.USER.ZS,% de la población,21.05999947
Surinam,SUR,2009,Uso de Internet,IT.NET.USER.ZS,% de la población,31.36
Surinam,SUR,2010,Uso de Internet,IT.NET.USER.ZS,% de la población,31.59
Surinam,SUR,2011,Uso de Internet,IT.NET.USER.ZS,% de la población,32.0
Surinam,SUR,2012,Uso de Internet,IT.NET.USER.ZS,% de la población,34.68119812
Surinam,SUR,2013,Uso de Internet,IT.NET.USER.ZS,% de la población,37.40000153
Surinam,SUR,2014,Uso de Internet,IT.NET.USER.ZS,% de la población,40.08000183
Surinam,SUR,2015,Uso de Internet,IT.NET.USER.ZS,% de la población,42.76380157
Surinam,SUR,2016,Uso de Internet,IT.NET.USER.ZS,% de la población,45.40000153
Surinam,SUR,2017,Uso de Internet,IT.NET.USER.ZS,% de la población,48.94520187
Surinam,SUR,2018,Uso de Internet,IT.NET.USER.ZS,% de la población,55.10210037
Surinam,SUR,2019,Uso de Internet,IT.NET.USER.ZS,% de la población,62.03350067
Surinam,SUR,2023,Uso de Internet,IT.NET.USER.ZS,% de la población,87.4
Uruguay,URY,2000,Uso de Internet,IT.NET.USER.ZS,% de la población,10.5390577480141
Uruguay,URY,2001,Uso de Internet,IT.NET.USER.ZS,% de la población,11.1214376832783
Uruguay,URY,2002,Uso de Internet,IT.NET.USER.ZS,% de la población,11.4194701966853
Uruguay,URY,2003,Uso de Internet,IT.NET.USER.ZS,% de la población,15.9371367159756
Uruguay,URY,2004,Uso de Internet,IT.NET.USER.ZS,% de la población,17.0630983403661
Uruguay,URY,2005,Uso de Internet,IT.NET.USER.ZS,% de la población,20.0881895579305
Uruguay,URY,2006,Uso de Internet,IT.NET.USER.ZS,% de la población,29.39999962
Uruguay,URY,2007,Uso de Internet,IT.NET.USER.ZS,% de la población,34.0
Uruguay,URY,2008,Uso de Internet,IT.NET.USER.ZS,% de la población,39.3
Uruguay,URY,2009,Uso de Internet,IT.NET.USER.ZS,% de la población,41.8
Uruguay,URY,2010,Uso de Internet,IT.NET.USER.ZS,% de la población,46.4
Uruguay,URY,2011,Uso de Internet,IT.NET.USER.ZS,% de la población,51.4046610563616
Uruguay,URY,2012,Uso de Internet,IT.NET.USER.ZS,% de la población,54.453768680746
Uruguay,URY,2013,Uso de Internet,IT.NET.USER.ZS,% de la población,57.69
Uruguay,URY,2014,Uso de Internet,IT.NET.USER.ZS,% de la población,61.4624951684405
Uruguay,URY,2015,Uso de Internet,IT.NET.USER.ZS,% de la población,64.5707870971624
Uruguay,URY,2016,Uso de Internet,IT.NET.USER.ZS,% de la población,66.40000153
Uruguay,URY,2017,Uso de Internet,IT.NET.USER.ZS,% de la población,70.3223543994698
Uruguay,URY,2018,Uso de Internet,IT.NET.USER.ZS,% de la población,80.7268428795854
Uruguay,URY,2019,Uso de Internet,IT.NET.USER.ZS,% de la población,83.3515337667548
Uruguay,URY,2020,Uso de Internet,IT.NET.USER.ZS,% de la población,85.47100067
Uruguay,URY,2021,Uso de Internet,IT.NET.USER.ZS,% de la población,87.64440155
Uruguay,URY,2022,Uso de Internet,IT.NET.USER.ZS,% de la población,89.87304314
Uruguay,URY,2023,Uso de Internet,IT.NET.USER.ZS,% de la población,90.92590332
Uruguay,URY,2024,Uso de Internet,IT.NET.USER.ZS,% de la población,91.99109007
Venezuela,VEN,2000,Uso de Internet,IT.NET.USER.ZS,% de la población,3.3595974645036
Venezuela,VEN,2001,Uso de Internet,IT.NET.USER.ZS,% de la población,4.63600094778677
Venezuela,VEN,2002,Uso de Internet,IT.NET.USER.ZS,% de la población,4.91044632720325
Venezuela,VEN,2003,Uso de Internet,IT.NET.USER.ZS,% de la población,7.49996346522407
Venezuela,VEN,2004,Uso de Internet,IT.NET.USER.ZS,% de la población,8.40446959241215
Venezuela,VEN,2005,Uso de Internet,IT.NET.USER.ZS,% de la población,12.5529979098299
Venezuela,VEN,2006,Uso de Internet,IT.NET.USER.ZS,% de la población,15.2247114771787
Venezuela,VEN,2007,Uso de Internet,IT.NET.USER.ZS,% de la población,20.83
Venezuela,VEN,2008,Uso de Internet,IT.NET.USER.ZS,% de la población,25.88
Venezuela,VEN,2009,Uso de Internet,IT.NET.USER.ZS,% de la población,32.7
Venezuela,VEN,2010,Uso de Internet,IT.NET.USER.ZS,% de la población,37.37
Venezuela,VEN,2011,Uso de Internet,IT.NET.USER.ZS,% de la población,40.22
Venezuela,VEN,2012,Uso de Internet,IT.NET.USER.ZS,% de la población,49.0500830729861
Venezuela,VEN,2013,Uso de Internet,IT.NET.USER.ZS,% de la población,54.90000153
Venezuela,VEN,2014,Uso de Internet,IT.NET.USER.ZS,% de la población,57.0
Venezuela,VEN,2015,Uso de Internet,IT.NET.USER.ZS,% de la población,58.0
Venezuela,VEN,2016,Uso de Internet,IT.NET.USER.ZS,% de la población,60.0
Venezuela,VEN,2019,Uso de Internet,IT.NET.USER.ZS,% de la población,49.05009842
Venezuela,VEN,2020,Uso de Internet,IT.NET.USER.ZS,% de la población,72.44110107
Venezuela,VEN,2021,Uso de Internet,IT.NET.USER.ZS,% de la población,74.11219788
Venezuela,VEN,2022,Uso de Internet,IT.NET.USER.ZS,% de la población,75.82180023
Venezuela,VEN,2023,Uso de Internet,IT.NET.USER.ZS,% de la población,76.33190155
Venezuela,VEN,2024,Uso de Internet,IT.NET.USER.ZS,% de la población,76.67890167
